dataset,row_index,column,value,issue_type,severity,message
fixtures,0,kickoff_local,TBD,placeholder_value,error,Placeholder value 'TBD' in column 'kickoff_local'
fixtures,0,kickoff_utc,TBD,placeholder_value,error,Placeholder value 'TBD' in column 'kickoff_utc'
fixtures,0,timezone,TBD,placeholder_value,error,Placeholder value 'TBD' in column 'timezone'
fixtures,0,source,sample_to_be_verified,placeholder_value,error,Placeholder value 'sample_to_be_verified' in column 'source'
fixtures,1,kickoff_local,TBD,placeholder_value,error,Placeholder value 'TBD' in column 'kickoff_local'
fixtures,1,kickoff_utc,TBD,placeholder_value,error,Placeholder value 'TBD' in column 'kickoff_utc'
fixtures,1,timezone,TBD,placeholder_value,error,Placeholder value 'TBD' in column 'timezone'
fixtures,1,source,sample_to_be_verified,placeholder_value,error,Placeholder value 'sample_to_be_verified' in column 'source'
fixtures,2,kickoff_local,TBD,placeholder_value,error,Placeholder value 'TBD' in column 'kickoff_local'
fixtures,2,kickoff_utc,TBD,placeholder_value,error,Placeholder value 'TBD' in column 'kickoff_utc'
fixtures,2,timezone,TBD,placeholder_value,error,Placeholder value 'TBD' in column 'timezone'
fixtures,2,source,sample_to_be_verified,placeholder_value,error,Placeholder value 'sample_to_be_verified' in column 'source'
fixtures,3,kickoff_local,TBD,placeholder_value,error,Placeholder value 'TBD' in column 'kickoff_local'
fixtures,3,kickoff_utc,TBD,placeholder_value,error,Placeholder value 'TBD' in column 'kickoff_utc'
fixtures,3,timezone,TBD,placeholder_value,error,Placeholder value 'TBD' in column 'timezone'
fixtures,3,source,sample_to_be_verified,placeholder_value,error,Placeholder value 'sample_to_be_verified' in column 'source'
fixtures,4,kickoff_local,TBD,placeholder_value,error,Placeholder value 'TBD' in column 'kickoff_local'
fixtures,4,kickoff_utc,TBD,placeholder_value,error,Placeholder value 'TBD' in column 'kickoff_utc'
fixtures,4,timezone,TBD,placeholder_value,error,Placeholder value 'TBD' in column 'timezone'
fixtures,4,source,sample_to_be_verified,placeholder_value,error,Placeholder value 'sample_to_be_verified' in column 'source'
fixtures,5,kickoff_local,TBD,placeholder_value,error,Placeholder value 'TBD' in column 'kickoff_local'
fixtures,5,kickoff_utc,TBD,placeholder_value,error,Placeholder value 'TBD' in column 'kickoff_utc'
fixtures,5,timezone,TBD,placeholder_value,error,Placeholder value 'TBD' in column 'timezone'
fixtures,5,source,sample_to_be_verified,placeholder_value,error,Placeholder value 'sample_to_be_verified' in column 'source'
fixtures,6,kickoff_local,TBD,placeholder_value,error,Placeholder value 'TBD' in column 'kickoff_local'
fixtures,6,kickoff_utc,TBD,placeholder_value,error,Placeholder value 'TBD' in column 'kickoff_utc'
fixtures,6,timezone,TBD,placeholder_value,error,Placeholder value 'TBD' in column 'timezone'
fixtures,6,source,sample_to_be_verified,placeholder_value,error,Placeholder value 'sample_to_be_verified' in column 'source'
fixtures,7,kickoff_local,TBD,placeholder_value,error,Placeholder value 'TBD' in column 'kickoff_local'
fixtures,7,kickoff_utc,TBD,placeholder_value,error,Placeholder value 'TBD' in column 'kickoff_utc'
fixtures,7,timezone,TBD,placeholder_value,error,Placeholder value 'TBD' in column 'timezone'
fixtures,7,source,sample_to_be_verified,placeholder_value,error,Placeholder value 'sample_to_be_verified' in column 'source'
fixtures,8,kickoff_local,TBD,placeholder_value,error,Placeholder value 'TBD' in column 'kickoff_local'
fixtures,8,kickoff_utc,TBD,placeholder_value,error,Placeholder value 'TBD' in column 'kickoff_utc'
fixtures,8,timezone,TBD,placeholder_value,error,Placeholder value 'TBD' in column 'timezone'
fixtures,8,source,sample_to_be_verified,placeholder_value,error,Placeholder value 'sample_to_be_verified' in column 'source'
fixtures,9,kickoff_local,TBD,placeholder_value,error,Placeholder value 'TBD' in column 'kickoff_local'
fixtures,9,kickoff_utc,TBD,placeholder_value,error,Placeholder value 'TBD' in column 'kickoff_utc'
fixtures,9,timezone,TBD,placeholder_value,error,Placeholder value 'TBD' in column 'timezone'
fixtures,9,source,sample_to_be_verified,placeholder_value,error,Placeholder value 'sample_to_be_verified' in column 'source'
fixtures,10,kickoff_local,TBD,placeholder_value,error,Placeholder value 'TBD' in column 'kickoff_local'
fixtures,10,kickoff_utc,TBD,placeholder_value,error,Placeholder value 'TBD' in column 'kickoff_utc'
fixtures,10,timezone,TBD,placeholder_value,error,Placeholder value 'TBD' in column 'timezone'
fixtures,10,source,sample_to_be_verified,placeholder_value,error,Placeholder value 'sample_to_be_verified' in column 'source'
fixtures,11,kickoff_local,TBD,placeholder_value,error,Placeholder value 'TBD' in column 'kickoff_local'
fixtures,11,kickoff_utc,TBD,placeholder_value,error,Placeholder value 'TBD' in column 'kickoff_utc'
fixtures,11,timezone,TBD,placeholder_value,error,Placeholder value 'TBD' in column 'timezone'
fixtures,11,source,sample_to_be_verified,placeholder_value,error,Placeholder value 'sample_to_be_verified' in column 'source'
fixtures,12,kickoff_local,TBD,placeholder_value,error,Placeholder value 'TBD' in column 'kickoff_local'
fixtures,12,kickoff_utc,TBD,placeholder_value,error,Placeholder value 'TBD' in column 'kickoff_utc'
fixtures,12,timezone,TBD,placeholder_value,error,Placeholder value 'TBD' in column 'timezone'
fixtures,12,source,sample_to_be_verified,placeholder_value,error,Placeholder value 'sample_to_be_verified' in column 'source'
fixtures,13,kickoff_local,TBD,placeholder_value,error,Placeholder value 'TBD' in column 'kickoff_local'
fixtures,13,kickoff_utc,TBD,placeholder_value,error,Placeholder value 'TBD' in column 'kickoff_utc'
fixtures,13,timezone,TBD,placeholder_value,error,Placeholder value 'TBD' in column 'timezone'
fixtures,13,source,sample_to_be_verified,placeholder_value,error,Placeholder value 'sample_to_be_verified' in column 'source'
fixtures,14,kickoff_local,TBD,placeholder_value,error,Placeholder value 'TBD' in column 'kickoff_local'
fixtures,14,kickoff_utc,TBD,placeholder_value,error,Placeholder value 'TBD' in column 'kickoff_utc'
fixtures,14,timezone,TBD,placeholder_value,error,Placeholder value 'TBD' in column 'timezone'
fixtures,14,source,sample_to_be_verified,placeholder_value,error,Placeholder value 'sample_to_be_verified' in column 'source'
fixtures,15,kickoff_local,TBD,placeholder_value,error,Placeholder value 'TBD' in column 'kickoff_local'
fixtures,15,kickoff_utc,TBD,placeholder_value,error,Placeholder value 'TBD' in column 'kickoff_utc'
fixtures,15,timezone,TBD,placeholder_value,error,Placeholder value 'TBD' in column 'timezone'
fixtures,15,source,sample_to_be_verified,placeholder_value,error,Placeholder value 'sample_to_be_verified' in column 'source'
fixtures,16,kickoff_local,TBD,placeholder_value,error,Placeholder value 'TBD' in column 'kickoff_local'
fixtures,16,kickoff_utc,TBD,placeholder_value,error,Placeholder value 'TBD' in column 'kickoff_utc'
fixtures,16,timezone,TBD,placeholder_value,error,Placeholder value 'TBD' in column 'timezone'
fixtures,16,source,sample_to_be_verified,placeholder_value,error,Placeholder value 'sample_to_be_verified' in column 'source'
fixtures,17,kickoff_local,TBD,placeholder_value,error,Placeholder value 'TBD' in column 'kickoff_local'
fixtures,17,kickoff_utc,TBD,placeholder_value,error,Placeholder value 'TBD' in column 'kickoff_utc'
fixtures,17,timezone,TBD,placeholder_value,error,Placeholder value 'TBD' in column 'timezone'
fixtures,17,source,sample_to_be_verified,placeholder_value,error,Placeholder value 'sample_to_be_verified' in column 'source'
fixtures,18,kickoff_local,TBD,placeholder_value,error,Placeholder value 'TBD' in column 'kickoff_local'
fixtures,18,kickoff_utc,TBD,placeholder_value,error,Placeholder value 'TBD' in column 'kickoff_utc'
fixtures,18,timezone,TBD,placeholder_value,error,Placeholder value 'TBD' in column 'timezone'
fixtures,18,source,sample_to_be_verified,placeholder_value,error,Placeholder value 'sample_to_be_verified' in column 'source'
fixtures,19,kickoff_local,TBD,placeholder_value,error,Placeholder value 'TBD' in column 'kickoff_local'
fixtures,19,kickoff_utc,TBD,placeholder_value,error,Placeholder value 'TBD' in column 'kickoff_utc'
fixtures,19,timezone,TBD,placeholder_value,error,Placeholder value 'TBD' in column 'timezone'
fixtures,19,source,sample_to_be_verified,placeholder_value,error,Placeholder value 'sample_to_be_verified' in column 'source'
fixtures,20,kickoff_local,TBD,placeholder_value,error,Placeholder value 'TBD' in column 'kickoff_local'
fixtures,20,kickoff_utc,TBD,placeholder_value,error,Placeholder value 'TBD' in column 'kickoff_utc'
fixtures,20,timezone,TBD,placeholder_value,error,Placeholder value 'TBD' in column 'timezone'
fixtures,20,source,sample_to_be_verified,placeholder_value,error,Placeholder value 'sample_to_be_verified' in column 'source'
fixtures,21,kickoff_local,TBD,placeholder_value,error,Placeholder value 'TBD' in column 'kickoff_local'
fixtures,21,kickoff_utc,TBD,placeholder_value,error,Placeholder value 'TBD' in column 'kickoff_utc'
fixtures,21,timezone,TBD,placeholder_value,error,Placeholder value 'TBD' in column 'timezone'
fixtures,21,source,sample_to_be_verified,placeholder_value,error,Placeholder value 'sample_to_be_verified' in column 'source'
fixtures,22,kickoff_local,TBD,placeholder_value,error,Placeholder value 'TBD' in column 'kickoff_local'
fixtures,22,kickoff_utc,TBD,placeholder_value,error,Placeholder value 'TBD' in column 'kickoff_utc'
fixtures,22,timezone,TBD,placeholder_value,error,Placeholder value 'TBD' in column 'timezone'
fixtures,22,source,sample_to_be_verified,placeholder_value,error,Placeholder value 'sample_to_be_verified' in column 'source'
fixtures,23,kickoff_local,TBD,placeholder_value,error,Placeholder value 'TBD' in column 'kickoff_local'
fixtures,23,kickoff_utc,TBD,placeholder_value,error,Placeholder value 'TBD' in column 'kickoff_utc'
fixtures,23,timezone,TBD,placeholder_value,error,Placeholder value 'TBD' in column 'timezone'
fixtures,23,source,sample_to_be_verified,placeholder_value,error,Placeholder value 'sample_to_be_verified' in column 'source'
fixtures,24,kickoff_local,TBD,placeholder_value,error,Placeholder value 'TBD' in column 'kickoff_local'
fixtures,24,kickoff_utc,TBD,placeholder_value,error,Placeholder value 'TBD' in column 'kickoff_utc'
fixtures,24,timezone,TBD,placeholder_value,error,Placeholder value 'TBD' in column 'timezone'
fixtures,24,source,sample_to_be_verified,placeholder_value,error,Placeholder value 'sample_to_be_verified' in column 'source'
fixtures,25,kickoff_local,TBD,placeholder_value,error,Placeholder value 'TBD' in column 'kickoff_local'
fixtures,25,kickoff_utc,TBD,placeholder_value,error,Placeholder value 'TBD' in column 'kickoff_utc'
fixtures,25,timezone,TBD,placeholder_value,error,Placeholder value 'TBD' in column 'timezone'
fixtures,25,source,sample_to_be_verified,placeholder_value,error,Placeholder value 'sample_to_be_verified' in column 'source'
fixtures,26,kickoff_local,TBD,placeholder_value,error,Placeholder value 'TBD' in column 'kickoff_local'
fixtures,26,kickoff_utc,TBD,placeholder_value,error,Placeholder value 'TBD' in column 'kickoff_utc'
fixtures,26,timezone,TBD,placeholder_value,error,Placeholder value 'TBD' in column 'timezone'
fixtures,26,source,sample_to_be_verified,placeholder_value,error,Placeholder value 'sample_to_be_verified' in column 'source'
fixtures,27,kickoff_local,TBD,placeholder_value,error,Placeholder value 'TBD' in column 'kickoff_local'
fixtures,27,kickoff_utc,TBD,placeholder_value,error,Placeholder value 'TBD' in column 'kickoff_utc'
fixtures,27,timezone,TBD,placeholder_value,error,Placeholder value 'TBD' in column 'timezone'
fixtures,27,source,sample_to_be_verified,placeholder_value,error,Placeholder value 'sample_to_be_verified' in column 'source'
fixtures,28,kickoff_local,TBD,placeholder_value,error,Placeholder value 'TBD' in column 'kickoff_local'
fixtures,28,kickoff_utc,TBD,placeholder_value,error,Placeholder value 'TBD' in column 'kickoff_utc'
fixtures,28,timezone,TBD,placeholder_value,error,Placeholder value 'TBD' in column 'timezone'
fixtures,28,source,sample_to_be_verified,placeholder_value,error,Placeholder value 'sample_to_be_verified' in column 'source'
fixtures,29,kickoff_local,TBD,placeholder_value,error,Placeholder value 'TBD' in column 'kickoff_local'
fixtures,29,kickoff_utc,TBD,placeholder_value,error,Placeholder value 'TBD' in column 'kickoff_utc'
fixtures,29,timezone,TBD,placeholder_value,error,Placeholder value 'TBD' in column 'timezone'
fixtures,29,source,sample_to_be_verified,placeholder_value,error,Placeholder value 'sample_to_be_verified' in column 'source'
fixtures,30,kickoff_local,TBD,placeholder_value,error,Placeholder value 'TBD' in column 'kickoff_local'
fixtures,30,kickoff_utc,TBD,placeholder_value,error,Placeholder value 'TBD' in column 'kickoff_utc'
fixtures,30,timezone,TBD,placeholder_value,error,Placeholder value 'TBD' in column 'timezone'
fixtures,30,source,sample_to_be_verified,placeholder_value,error,Placeholder value 'sample_to_be_verified' in column 'source'
fixtures,31,kickoff_local,TBD,placeholder_value,error,Placeholder value 'TBD' in column 'kickoff_local'
fixtures,31,kickoff_utc,TBD,placeholder_value,error,Placeholder value 'TBD' in column 'kickoff_utc'
fixtures,31,timezone,TBD,placeholder_value,error,Placeholder value 'TBD' in column 'timezone'
fixtures,31,source,sample_to_be_verified,placeholder_value,error,Placeholder value 'sample_to_be_verified' in column 'source'
fixtures,32,kickoff_local,TBD,placeholder_value,error,Placeholder value 'TBD' in column 'kickoff_local'
fixtures,32,kickoff_utc,TBD,placeholder_value,error,Placeholder value 'TBD' in column 'kickoff_utc'
fixtures,32,timezone,TBD,placeholder_value,error,Placeholder value 'TBD' in column 'timezone'
fixtures,32,source,sample_to_be_verified,placeholder_value,error,Placeholder value 'sample_to_be_verified' in column 'source'
fixtures,33,kickoff_local,TBD,placeholder_value,error,Placeholder value 'TBD' in column 'kickoff_local'
fixtures,33,kickoff_utc,TBD,placeholder_value,error,Placeholder value 'TBD' in column 'kickoff_utc'
fixtures,33,timezone,TBD,placeholder_value,error,Placeholder value 'TBD' in column 'timezone'
fixtures,33,source,sample_to_be_verified,placeholder_value,error,Placeholder value 'sample_to_be_verified' in column 'source'
fixtures,34,kickoff_local,TBD,placeholder_value,error,Placeholder value 'TBD' in column 'kickoff_local'
fixtures,34,kickoff_utc,TBD,placeholder_value,error,Placeholder value 'TBD' in column 'kickoff_utc'
fixtures,34,timezone,TBD,placeholder_value,error,Placeholder value 'TBD' in column 'timezone'
fixtures,34,source,sample_to_be_verified,placeholder_value,error,Placeholder value 'sample_to_be_verified' in column 'source'
fixtures,35,kickoff_local,TBD,placeholder_value,error,Placeholder value 'TBD' in column 'kickoff_local'
fixtures,35,kickoff_utc,TBD,placeholder_value,error,Placeholder value 'TBD' in column 'kickoff_utc'
fixtures,35,timezone,TBD,placeholder_value,error,Placeholder value 'TBD' in column 'timezone'
fixtures,35,source,sample_to_be_verified,placeholder_value,error,Placeholder value 'sample_to_be_verified' in column 'source'
fixtures,36,kickoff_local,TBD,placeholder_value,error,Placeholder value 'TBD' in column 'kickoff_local'
fixtures,36,kickoff_utc,TBD,placeholder_value,error,Placeholder value 'TBD' in column 'kickoff_utc'
fixtures,36,timezone,TBD,placeholder_value,error,Placeholder value 'TBD' in column 'timezone'
fixtures,36,source,sample_to_be_verified,placeholder_value,error,Placeholder value 'sample_to_be_verified' in column 'source'
fixtures,37,kickoff_local,TBD,placeholder_value,error,Placeholder value 'TBD' in column 'kickoff_local'
fixtures,37,kickoff_utc,TBD,placeholder_value,error,Placeholder value 'TBD' in column 'kickoff_utc'
fixtures,37,timezone,TBD,placeholder_value,error,Placeholder value 'TBD' in column 'timezone'
fixtures,37,source,sample_to_be_verified,placeholder_value,error,Placeholder value 'sample_to_be_verified' in column 'source'
fixtures,38,kickoff_local,TBD,placeholder_value,error,Placeholder value 'TBD' in column 'kickoff_local'
fixtures,38,kickoff_utc,TBD,placeholder_value,error,Placeholder value 'TBD' in column 'kickoff_utc'
fixtures,38,timezone,TBD,placeholder_value,error,Placeholder value 'TBD' in column 'timezone'
fixtures,38,source,sample_to_be_verified,placeholder_value,error,Placeholder value 'sample_to_be_verified' in column 'source'
fixtures,39,kickoff_local,TBD,placeholder_value,error,Placeholder value 'TBD' in column 'kickoff_local'
fixtures,39,kickoff_utc,TBD,placeholder_value,error,Placeholder value 'TBD' in column 'kickoff_utc'
fixtures,39,timezone,TBD,placeholder_value,error,Placeholder value 'TBD' in column 'timezone'
fixtures,39,source,sample_to_be_verified,placeholder_value,error,Placeholder value 'sample_to_be_verified' in column 'source'
fixtures,40,kickoff_local,TBD,placeholder_value,error,Placeholder value 'TBD' in column 'kickoff_local'
fixtures,40,kickoff_utc,TBD,placeholder_value,error,Placeholder value 'TBD' in column 'kickoff_utc'
fixtures,40,timezone,TBD,placeholder_value,error,Placeholder value 'TBD' in column 'timezone'
fixtures,40,source,sample_to_be_verified,placeholder_value,error,Placeholder value 'sample_to_be_verified' in column 'source'
fixtures,41,kickoff_local,TBD,placeholder_value,error,Placeholder value 'TBD' in column 'kickoff_local'
fixtures,41,kickoff_utc,TBD,placeholder_value,error,Placeholder value 'TBD' in column 'kickoff_utc'
fixtures,41,timezone,TBD,placeholder_value,error,Placeholder value 'TBD' in column 'timezone'
fixtures,41,source,sample_to_be_verified,placeholder_value,error,Placeholder value 'sample_to_be_verified' in column 'source'
fixtures,42,kickoff_local,TBD,placeholder_value,error,Placeholder value 'TBD' in column 'kickoff_local'
fixtures,42,kickoff_utc,TBD,placeholder_value,error,Placeholder value 'TBD' in column 'kickoff_utc'
fixtures,42,timezone,TBD,placeholder_value,error,Placeholder value 'TBD' in column 'timezone'
fixtures,42,source,sample_to_be_verified,placeholder_value,error,Placeholder value 'sample_to_be_verified' in column 'source'
fixtures,43,kickoff_local,TBD,placeholder_value,error,Placeholder value 'TBD' in column 'kickoff_local'
fixtures,43,kickoff_utc,TBD,placeholder_value,error,Placeholder value 'TBD' in column 'kickoff_utc'
fixtures,43,timezone,TBD,placeholder_value,error,Placeholder value 'TBD' in column 'timezone'
fixtures,43,source,sample_to_be_verified,placeholder_value,error,Placeholder value 'sample_to_be_verified' in column 'source'
fixtures,44,kickoff_local,TBD,placeholder_value,error,Placeholder value 'TBD' in column 'kickoff_local'
fixtures,44,kickoff_utc,TBD,placeholder_value,error,Placeholder value 'TBD' in column 'kickoff_utc'
fixtures,44,timezone,TBD,placeholder_value,error,Placeholder value 'TBD' in column 'timezone'
fixtures,44,source,sample_to_be_verified,placeholder_value,error,Placeholder value 'sample_to_be_verified' in column 'source'
fixtures,45,kickoff_local,TBD,placeholder_value,error,Placeholder value 'TBD' in column 'kickoff_local'
fixtures,45,kickoff_utc,TBD,placeholder_value,error,Placeholder value 'TBD' in column 'kickoff_utc'
fixtures,45,timezone,TBD,placeholder_value,error,Placeholder value 'TBD' in column 'timezone'
fixtures,45,source,sample_to_be_verified,placeholder_value,error,Placeholder value 'sample_to_be_verified' in column 'source'
fixtures,46,kickoff_local,TBD,placeholder_value,error,Placeholder value 'TBD' in column 'kickoff_local'
fixtures,46,kickoff_utc,TBD,placeholder_value,error,Placeholder value 'TBD' in column 'kickoff_utc'
fixtures,46,timezone,TBD,placeholder_value,error,Placeholder value 'TBD' in column 'timezone'
fixtures,46,source,sample_to_be_verified,placeholder_value,error,Placeholder value 'sample_to_be_verified' in column 'source'
fixtures,47,kickoff_local,TBD,placeholder_value,error,Placeholder value 'TBD' in column 'kickoff_local'
fixtures,47,kickoff_utc,TBD,placeholder_value,error,Placeholder value 'TBD' in column 'kickoff_utc'
fixtures,47,timezone,TBD,placeholder_value,error,Placeholder value 'TBD' in column 'timezone'
fixtures,47,source,sample_to_be_verified,placeholder_value,error,Placeholder value 'sample_to_be_verified' in column 'source'
fixtures,48,kickoff_local,TBD,placeholder_value,error,Placeholder value 'TBD' in column 'kickoff_local'
fixtures,48,kickoff_utc,TBD,placeholder_value,error,Placeholder value 'TBD' in column 'kickoff_utc'
fixtures,48,timezone,TBD,placeholder_value,error,Placeholder value 'TBD' in column 'timezone'
fixtures,48,source,sample_to_be_verified,placeholder_value,error,Placeholder value 'sample_to_be_verified' in column 'source'
fixtures,49,kickoff_local,TBD,placeholder_value,error,Placeholder value 'TBD' in column 'kickoff_local'
fixtures,49,kickoff_utc,TBD,placeholder_value,error,Placeholder value 'TBD' in column 'kickoff_utc'
fixtures,49,timezone,TBD,placeholder_value,error,Placeholder value 'TBD' in column 'timezone'
fixtures,49,source,sample_to_be_verified,placeholder_value,error,Placeholder value 'sample_to_be_verified' in column 'source'
fixtures,50,kickoff_local,TBD,placeholder_value,error,Placeholder value 'TBD' in column 'kickoff_local'
fixtures,50,kickoff_utc,TBD,placeholder_value,error,Placeholder value 'TBD' in column 'kickoff_utc'
fixtures,50,timezone,TBD,placeholder_value,error,Placeholder value 'TBD' in column 'timezone'
fixtures,50,source,sample_to_be_verified,placeholder_value,error,Placeholder value 'sample_to_be_verified' in column 'source'
fixtures,51,kickoff_local,TBD,placeholder_value,error,Placeholder value 'TBD' in column 'kickoff_local'
fixtures,51,kickoff_utc,TBD,placeholder_value,error,Placeholder value 'TBD' in column 'kickoff_utc'
fixtures,51,timezone,TBD,placeholder_value,error,Placeholder value 'TBD' in column 'timezone'
fixtures,51,source,sample_to_be_verified,placeholder_value,error,Placeholder value 'sample_to_be_verified' in column 'source'
fixtures,52,kickoff_local,TBD,placeholder_value,error,Placeholder value 'TBD' in column 'kickoff_local'
fixtures,52,kickoff_utc,TBD,placeholder_value,error,Placeholder value 'TBD' in column 'kickoff_utc'
fixtures,52,timezone,TBD,placeholder_value,error,Placeholder value 'TBD' in column 'timezone'
fixtures,52,source,sample_to_be_verified,placeholder_value,error,Placeholder value 'sample_to_be_verified' in column 'source'
fixtures,53,kickoff_local,TBD,placeholder_value,error,Placeholder value 'TBD' in column 'kickoff_local'
fixtures,53,kickoff_utc,TBD,placeholder_value,error,Placeholder value 'TBD' in column 'kickoff_utc'
fixtures,53,timezone,TBD,placeholder_value,error,Placeholder value 'TBD' in column 'timezone'
fixtures,53,source,sample_to_be_verified,placeholder_value,error,Placeholder value 'sample_to_be_verified' in column 'source'
fixtures,54,kickoff_local,TBD,placeholder_value,error,Placeholder value 'TBD' in column 'kickoff_local'
fixtures,54,kickoff_utc,TBD,placeholder_value,error,Placeholder value 'TBD' in column 'kickoff_utc'
fixtures,54,timezone,TBD,placeholder_value,error,Placeholder value 'TBD' in column 'timezone'
fixtures,54,source,sample_to_be_verified,placeholder_value,error,Placeholder value 'sample_to_be_verified' in column 'source'
fixtures,55,kickoff_local,TBD,placeholder_value,error,Placeholder value 'TBD' in column 'kickoff_local'
fixtures,55,kickoff_utc,TBD,placeholder_value,error,Placeholder value 'TBD' in column 'kickoff_utc'
fixtures,55,timezone,TBD,placeholder_value,error,Placeholder value 'TBD' in column 'timezone'
fixtures,55,source,sample_to_be_verified,placeholder_value,error,Placeholder value 'sample_to_be_verified' in column 'source'
fixtures,56,kickoff_local,TBD,placeholder_value,error,Placeholder value 'TBD' in column 'kickoff_local'
fixtures,56,kickoff_utc,TBD,placeholder_value,error,Placeholder value 'TBD' in column 'kickoff_utc'
fixtures,56,timezone,TBD,placeholder_value,error,Placeholder value 'TBD' in column 'timezone'
fixtures,56,source,sample_to_be_verified,placeholder_value,error,Placeholder value 'sample_to_be_verified' in column 'source'
fixtures,57,kickoff_local,TBD,placeholder_value,error,Placeholder value 'TBD' in column 'kickoff_local'
fixtures,57,kickoff_utc,TBD,placeholder_value,error,Placeholder value 'TBD' in column 'kickoff_utc'
fixtures,57,timezone,TBD,placeholder_value,error,Placeholder value 'TBD' in column 'timezone'
fixtures,57,source,sample_to_be_verified,placeholder_value,error,Placeholder value 'sample_to_be_verified' in column 'source'
fixtures,58,kickoff_local,TBD,placeholder_value,error,Placeholder value 'TBD' in column 'kickoff_local'
fixtures,58,kickoff_utc,TBD,placeholder_value,error,Placeholder value 'TBD' in column 'kickoff_utc'
fixtures,58,timezone,TBD,placeholder_value,error,Placeholder value 'TBD' in column 'timezone'
fixtures,58,source,sample_to_be_verified,placeholder_value,error,Placeholder value 'sample_to_be_verified' in column 'source'
fixtures,59,kickoff_local,TBD,placeholder_value,error,Placeholder value 'TBD' in column 'kickoff_local'
fixtures,59,kickoff_utc,TBD,placeholder_value,error,Placeholder value 'TBD' in column 'kickoff_utc'
fixtures,59,timezone,TBD,placeholder_value,error,Placeholder value 'TBD' in column 'timezone'
fixtures,59,source,sample_to_be_verified,placeholder_value,error,Placeholder value 'sample_to_be_verified' in column 'source'
fixtures,60,kickoff_local,TBD,placeholder_value,error,Placeholder value 'TBD' in column 'kickoff_local'
fixtures,60,kickoff_utc,TBD,placeholder_value,error,Placeholder value 'TBD' in column 'kickoff_utc'
fixtures,60,timezone,TBD,placeholder_value,error,Placeholder value 'TBD' in column 'timezone'
fixtures,60,source,sample_to_be_verified,placeholder_value,error,Placeholder value 'sample_to_be_verified' in column 'source'
fixtures,61,kickoff_local,TBD,placeholder_value,error,Placeholder value 'TBD' in column 'kickoff_local'
fixtures,61,kickoff_utc,TBD,placeholder_value,error,Placeholder value 'TBD' in column 'kickoff_utc'
fixtures,61,timezone,TBD,placeholder_value,error,Placeholder value 'TBD' in column 'timezone'
fixtures,61,source,sample_to_be_verified,placeholder_value,error,Placeholder value 'sample_to_be_verified' in column 'source'
fixtures,62,kickoff_local,TBD,placeholder_value,error,Placeholder value 'TBD' in column 'kickoff_local'
fixtures,62,kickoff_utc,TBD,placeholder_value,error,Placeholder value 'TBD' in column 'kickoff_utc'
fixtures,62,timezone,TBD,placeholder_value,error,Placeholder value 'TBD' in column 'timezone'
fixtures,62,source,sample_to_be_verified,placeholder_value,error,Placeholder value 'sample_to_be_verified' in column 'source'
fixtures,63,kickoff_local,TBD,placeholder_value,error,Placeholder value 'TBD' in column 'kickoff_local'
fixtures,63,kickoff_utc,TBD,placeholder_value,error,Placeholder value 'TBD' in column 'kickoff_utc'
fixtures,63,timezone,TBD,placeholder_value,error,Placeholder value 'TBD' in column 'timezone'
fixtures,63,source,sample_to_be_verified,placeholder_value,error,Placeholder value 'sample_to_be_verified' in column 'source'
fixtures,64,kickoff_local,TBD,placeholder_value,error,Placeholder value 'TBD' in column 'kickoff_local'
fixtures,64,kickoff_utc,TBD,placeholder_value,error,Placeholder value 'TBD' in column 'kickoff_utc'
fixtures,64,timezone,TBD,placeholder_value,error,Placeholder value 'TBD' in column 'timezone'
fixtures,64,source,sample_to_be_verified,placeholder_value,error,Placeholder value 'sample_to_be_verified' in column 'source'
fixtures,65,kickoff_local,TBD,placeholder_value,error,Placeholder value 'TBD' in column 'kickoff_local'
fixtures,65,kickoff_utc,TBD,placeholder_value,error,Placeholder value 'TBD' in column 'kickoff_utc'
fixtures,65,timezone,TBD,placeholder_value,error,Placeholder value 'TBD' in column 'timezone'
fixtures,65,source,sample_to_be_verified,placeholder_value,error,Placeholder value 'sample_to_be_verified' in column 'source'
fixtures,66,kickoff_local,TBD,placeholder_value,error,Placeholder value 'TBD' in column 'kickoff_local'
fixtures,66,kickoff_utc,TBD,placeholder_value,error,Placeholder value 'TBD' in column 'kickoff_utc'
fixtures,66,timezone,TBD,placeholder_value,error,Placeholder value 'TBD' in column 'timezone'
fixtures,66,source,sample_to_be_verified,placeholder_value,error,Placeholder value 'sample_to_be_verified' in column 'source'
fixtures,67,kickoff_local,TBD,placeholder_value,error,Placeholder value 'TBD' in column 'kickoff_local'
fixtures,67,kickoff_utc,TBD,placeholder_value,error,Placeholder value 'TBD' in column 'kickoff_utc'
fixtures,67,timezone,TBD,placeholder_value,error,Placeholder value 'TBD' in column 'timezone'
fixtures,67,source,sample_to_be_verified,placeholder_value,error,Placeholder value 'sample_to_be_verified' in column 'source'
fixtures,68,kickoff_local,TBD,placeholder_value,error,Placeholder value 'TBD' in column 'kickoff_local'
fixtures,68,kickoff_utc,TBD,placeholder_value,error,Placeholder value 'TBD' in column 'kickoff_utc'
fixtures,68,timezone,TBD,placeholder_value,error,Placeholder value 'TBD' in column 'timezone'
fixtures,68,source,sample_to_be_verified,placeholder_value,error,Placeholder value 'sample_to_be_verified' in column 'source'
fixtures,69,kickoff_local,TBD,placeholder_value,error,Placeholder value 'TBD' in column 'kickoff_local'
fixtures,69,kickoff_utc,TBD,placeholder_value,error,Placeholder value 'TBD' in column 'kickoff_utc'
fixtures,69,timezone,TBD,placeholder_value,error,Placeholder value 'TBD' in column 'timezone'
fixtures,69,source,sample_to_be_verified,placeholder_value,error,Placeholder value 'sample_to_be_verified' in column 'source'
fixtures,70,kickoff_local,TBD,placeholder_value,error,Placeholder value 'TBD' in column 'kickoff_local'
fixtures,70,kickoff_utc,TBD,placeholder_value,error,Placeholder value 'TBD' in column 'kickoff_utc'
fixtures,70,timezone,TBD,placeholder_value,error,Placeholder value 'TBD' in column 'timezone'
fixtures,70,source,sample_to_be_verified,placeholder_value,error,Placeholder value 'sample_to_be_verified' in column 'source'
fixtures,71,kickoff_local,TBD,placeholder_value,error,Placeholder value 'TBD' in column 'kickoff_local'
fixtures,71,kickoff_utc,TBD,placeholder_value,error,Placeholder value 'TBD' in column 'kickoff_utc'
fixtures,71,timezone,TBD,placeholder_value,error,Placeholder value 'TBD' in column 'timezone'
fixtures,71,source,sample_to_be_verified,placeholder_value,error,Placeholder value 'sample_to_be_verified' in column 'source'
fixtures,72,group,,missing_value,warning,Missing value in column 'group'
fixtures,72,kickoff_local,TBD,placeholder_value,error,Placeholder value 'TBD' in column 'kickoff_local'
fixtures,72,kickoff_utc,TBD,placeholder_value,error,Placeholder value 'TBD' in column 'kickoff_utc'
fixtures,72,timezone,TBD,placeholder_value,error,Placeholder value 'TBD' in column 'timezone'
fixtures,72,venue,TBD,placeholder_value,error,Placeholder value 'TBD' in column 'venue'
fixtures,72,stadium,TBD,placeholder_value,error,Placeholder value 'TBD' in column 'stadium'
fixtures,72,city,TBD,placeholder_value,error,Placeholder value 'TBD' in column 'city'
fixtures,72,country,TBD,placeholder_value,error,Placeholder value 'TBD' in column 'country'
fixtures,72,team_a_code,TBD,placeholder_value,error,Placeholder value 'TBD' in column 'team_a_code'
fixtures,72,team_b_code,TBD,placeholder_value,error,Placeholder value 'TBD' in column 'team_b_code'
fixtures,72,team_a_group_slot,,missing_value,warning,Missing value in column 'team_a_group_slot'
fixtures,72,team_b_group_slot,,missing_value,warning,Missing value in column 'team_b_group_slot'
fixtures,73,group,,missing_value,warning,Missing value in column 'group'
fixtures,73,kickoff_local,TBD,placeholder_value,error,Placeholder value 'TBD' in column 'kickoff_local'
fixtures,73,kickoff_utc,TBD,placeholder_value,error,Placeholder value 'TBD' in column 'kickoff_utc'
fixtures,73,timezone,TBD,placeholder_value,error,Placeholder value 'TBD' in column 'timezone'
fixtures,73,venue,TBD,placeholder_value,error,Placeholder value 'TBD' in column 'venue'
fixtures,73,stadium,TBD,placeholder_value,error,Placeholder value 'TBD' in column 'stadium'
fixtures,73,city,TBD,placeholder_value,error,Placeholder value 'TBD' in column 'city'
fixtures,73,country,TBD,placeholder_value,error,Placeholder value 'TBD' in column 'country'
fixtures,73,team_a_code,TBD,placeholder_value,error,Placeholder value 'TBD' in column 'team_a_code'
fixtures,73,team_b_code,TBD,placeholder_value,error,Placeholder value 'TBD' in column 'team_b_code'
fixtures,73,team_a_group_slot,,missing_value,warning,Missing value in column 'team_a_group_slot'
fixtures,73,team_b_group_slot,,missing_value,warning,Missing value in column 'team_b_group_slot'
fixtures,74,group,,missing_value,warning,Missing value in column 'group'
fixtures,74,kickoff_local,TBD,placeholder_value,error,Placeholder value 'TBD' in column 'kickoff_local'
fixtures,74,kickoff_utc,TBD,placeholder_value,error,Placeholder value 'TBD' in column 'kickoff_utc'
fixtures,74,timezone,TBD,placeholder_value,error,Placeholder value 'TBD' in column 'timezone'
fixtures,74,venue,TBD,placeholder_value,error,Placeholder value 'TBD' in column 'venue'
fixtures,74,stadium,TBD,placeholder_value,error,Placeholder value 'TBD' in column 'stadium'
fixtures,74,city,TBD,placeholder_value,error,Placeholder value 'TBD' in column 'city'
fixtures,74,country,TBD,placeholder_value,error,Placeholder value 'TBD' in column 'country'
fixtures,74,team_a_code,TBD,placeholder_value,error,Placeholder value 'TBD' in column 'team_a_code'
fixtures,74,team_b_code,TBD,placeholder_value,error,Placeholder value 'TBD' in column 'team_b_code'
fixtures,74,team_a_group_slot,,missing_value,warning,Missing value in column 'team_a_group_slot'
fixtures,74,team_b_group_slot,,missing_value,warning,Missing value in column 'team_b_group_slot'
fixtures,75,group,,missing_value,warning,Missing value in column 'group'
fixtures,75,kickoff_local,TBD,placeholder_value,error,Placeholder value 'TBD' in column 'kickoff_local'
fixtures,75,kickoff_utc,TBD,placeholder_value,error,Placeholder value 'TBD' in column 'kickoff_utc'
fixtures,75,timezone,TBD,placeholder_value,error,Placeholder value 'TBD' in column 'timezone'
fixtures,75,venue,TBD,placeholder_value,error,Placeholder value 'TBD' in column 'venue'
fixtures,75,stadium,TBD,placeholder_value,error,Placeholder value 'TBD' in column 'stadium'
fixtures,75,city,TBD,placeholder_value,error,Placeholder value 'TBD' in column 'city'
fixtures,75,country,TBD,placeholder_value,error,Placeholder value 'TBD' in column 'country'
fixtures,75,team_a_code,TBD,placeholder_value,error,Placeholder value 'TBD' in column 'team_a_code'
fixtures,75,team_b_code,TBD,placeholder_value,error,Placeholder value 'TBD' in column 'team_b_code'
fixtures,75,team_a_group_slot,,missing_value,warning,Missing value in column 'team_a_group_slot'
fixtures,75,team_b_group_slot,,missing_value,warning,Missing value in column 'team_b_group_slot'
fixtures,76,group,,missing_value,warning,Missing value in column 'group'
fixtures,76,kickoff_local,TBD,placeholder_value,error,Placeholder value 'TBD' in column 'kickoff_local'
fixtures,76,kickoff_utc,TBD,placeholder_value,error,Placeholder value 'TBD' in column 'kickoff_utc'
fixtures,76,timezone,TBD,placeholder_value,error,Placeholder value 'TBD' in column 'timezone'
fixtures,76,venue,TBD,placeholder_value,error,Placeholder value 'TBD' in column 'venue'
fixtures,76,stadium,TBD,placeholder_value,error,Placeholder value 'TBD' in column 'stadium'
fixtures,76,city,TBD,placeholder_value,error,Placeholder value 'TBD' in column 'city'
fixtures,76,country,TBD,placeholder_value,error,Placeholder value 'TBD' in column 'country'
fixtures,76,team_a_code,TBD,placeholder_value,error,Placeholder value 'TBD' in column 'team_a_code'
fixtures,76,team_b_code,TBD,placeholder_value,error,Placeholder value 'TBD' in column 'team_b_code'
fixtures,76,team_a_group_slot,,missing_value,warning,Missing value in column 'team_a_group_slot'
fixtures,76,team_b_group_slot,,missing_value,warning,Missing value in column 'team_b_group_slot'
fixtures,77,group,,missing_value,warning,Missing value in column 'group'
fixtures,77,kickoff_local,TBD,placeholder_value,error,Placeholder value 'TBD' in column 'kickoff_local'
fixtures,77,kickoff_utc,TBD,placeholder_value,error,Placeholder value 'TBD' in column 'kickoff_utc'
fixtures,77,timezone,TBD,placeholder_value,error,Placeholder value 'TBD' in column 'timezone'
fixtures,77,venue,TBD,placeholder_value,error,Placeholder value 'TBD' in column 'venue'
fixtures,77,stadium,TBD,placeholder_value,error,Placeholder value 'TBD' in column 'stadium'
fixtures,77,city,TBD,placeholder_value,error,Placeholder value 'TBD' in column 'city'
fixtures,77,country,TBD,placeholder_value,error,Placeholder value 'TBD' in column 'country'
fixtures,77,team_a_code,TBD,placeholder_value,error,Placeholder value 'TBD' in column 'team_a_code'
fixtures,77,team_b_code,TBD,placeholder_value,error,Placeholder value 'TBD' in column 'team_b_code'
fixtures,77,team_a_group_slot,,missing_value,warning,Missing value in column 'team_a_group_slot'
fixtures,77,team_b_group_slot,,missing_value,warning,Missing value in column 'team_b_group_slot'
fixtures,78,group,,missing_value,warning,Missing value in column 'group'
fixtures,78,kickoff_local,TBD,placeholder_value,error,Placeholder value 'TBD' in column 'kickoff_local'
fixtures,78,kickoff_utc,TBD,placeholder_value,error,Placeholder value 'TBD' in column 'kickoff_utc'
fixtures,78,timezone,TBD,placeholder_value,error,Placeholder value 'TBD' in column 'timezone'
fixtures,78,venue,TBD,placeholder_value,error,Placeholder value 'TBD' in column 'venue'
fixtures,78,stadium,TBD,placeholder_value,error,Placeholder value 'TBD' in column 'stadium'
fixtures,78,city,TBD,placeholder_value,error,Placeholder value 'TBD' in column 'city'
fixtures,78,country,TBD,placeholder_value,error,Placeholder value 'TBD' in column 'country'
fixtures,78,team_a_code,TBD,placeholder_value,error,Placeholder value 'TBD' in column 'team_a_code'
fixtures,78,team_b_code,TBD,placeholder_value,error,Placeholder value 'TBD' in column 'team_b_code'
fixtures,78,team_a_group_slot,,missing_value,warning,Missing value in column 'team_a_group_slot'
fixtures,78,team_b_group_slot,,missing_value,warning,Missing value in column 'team_b_group_slot'
fixtures,79,group,,missing_value,warning,Missing value in column 'group'
fixtures,79,kickoff_local,TBD,placeholder_value,error,Placeholder value 'TBD' in column 'kickoff_local'
fixtures,79,kickoff_utc,TBD,placeholder_value,error,Placeholder value 'TBD' in column 'kickoff_utc'
fixtures,79,timezone,TBD,placeholder_value,error,Placeholder value 'TBD' in column 'timezone'
fixtures,79,venue,TBD,placeholder_value,error,Placeholder value 'TBD' in column 'venue'
fixtures,79,stadium,TBD,placeholder_value,error,Placeholder value 'TBD' in column 'stadium'
fixtures,79,city,TBD,placeholder_value,error,Placeholder value 'TBD' in column 'city'
fixtures,79,country,TBD,placeholder_value,error,Placeholder value 'TBD' in column 'country'
fixtures,79,team_a_code,TBD,placeholder_value,error,Placeholder value 'TBD' in column 'team_a_code'
fixtures,79,team_b_code,TBD,placeholder_value,error,Placeholder value 'TBD' in column 'team_b_code'
fixtures,79,team_a_group_slot,,missing_value,warning,Missing value in column 'team_a_group_slot'
fixtures,79,team_b_group_slot,,missing_value,warning,Missing value in column 'team_b_group_slot'
fixtures,80,group,,missing_value,warning,Missing value in column 'group'
fixtures,80,kickoff_local,TBD,placeholder_value,error,Placeholder value 'TBD' in column 'kickoff_local'
fixtures,80,kickoff_utc,TBD,placeholder_value,error,Placeholder value 'TBD' in column 'kickoff_utc'
fixtures,80,timezone,TBD,placeholder_value,error,Placeholder value 'TBD' in column 'timezone'
fixtures,80,venue,TBD,placeholder_value,error,Placeholder value 'TBD' in column 'venue'
fixtures,80,stadium,TBD,placeholder_value,error,Placeholder value 'TBD' in column 'stadium'
fixtures,80,city,TBD,placeholder_value,error,Placeholder value 'TBD' in column 'city'
fixtures,80,country,TBD,placeholder_value,error,Placeholder value 'TBD' in column 'country'
fixtures,80,team_a_code,TBD,placeholder_value,error,Placeholder value 'TBD' in column 'team_a_code'
fixtures,80,team_b_code,TBD,placeholder_value,error,Placeholder value 'TBD' in column 'team_b_code'
fixtures,80,team_a_group_slot,,missing_value,warning,Missing value in column 'team_a_group_slot'
fixtures,80,team_b_group_slot,,missing_value,warning,Missing value in column 'team_b_group_slot'
fixtures,81,group,,missing_value,warning,Missing value in column 'group'
fixtures,81,kickoff_local,TBD,placeholder_value,error,Placeholder value 'TBD' in column 'kickoff_local'
fixtures,81,kickoff_utc,TBD,placeholder_value,error,Placeholder value 'TBD' in column 'kickoff_utc'
fixtures,81,timezone,TBD,placeholder_value,error,Placeholder value 'TBD' in column 'timezone'
fixtures,81,venue,TBD,placeholder_value,error,Placeholder value 'TBD' in column 'venue'
fixtures,81,stadium,TBD,placeholder_value,error,Placeholder value 'TBD' in column 'stadium'
fixtures,81,city,TBD,placeholder_value,error,Placeholder value 'TBD' in column 'city'
fixtures,81,country,TBD,placeholder_value,error,Placeholder value 'TBD' in column 'country'
fixtures,81,team_a_code,TBD,placeholder_value,error,Placeholder value 'TBD' in column 'team_a_code'
fixtures,81,team_b_code,TBD,placeholder_value,error,Placeholder value 'TBD' in column 'team_b_code'
fixtures,81,team_a_group_slot,,missing_value,warning,Missing value in column 'team_a_group_slot'
fixtures,81,team_b_group_slot,,missing_value,warning,Missing value in column 'team_b_group_slot'
fixtures,82,group,,missing_value,warning,Missing value in column 'group'
fixtures,82,kickoff_local,TBD,placeholder_value,error,Placeholder value 'TBD' in column 'kickoff_local'
fixtures,82,kickoff_utc,TBD,placeholder_value,error,Placeholder value 'TBD' in column 'kickoff_utc'
fixtures,82,timezone,TBD,placeholder_value,error,Placeholder value 'TBD' in column 'timezone'
fixtures,82,venue,TBD,placeholder_value,error,Placeholder value 'TBD' in column 'venue'
fixtures,82,stadium,TBD,placeholder_value,error,Placeholder value 'TBD' in column 'stadium'
fixtures,82,city,TBD,placeholder_value,error,Placeholder value 'TBD' in column 'city'
fixtures,82,country,TBD,placeholder_value,error,Placeholder value 'TBD' in column 'country'
fixtures,82,team_a_code,TBD,placeholder_value,error,Placeholder value 'TBD' in column 'team_a_code'
fixtures,82,team_b_code,TBD,placeholder_value,error,Placeholder value 'TBD' in column 'team_b_code'
fixtures,82,team_a_group_slot,,missing_value,warning,Missing value in column 'team_a_group_slot'
fixtures,82,team_b_group_slot,,missing_value,warning,Missing value in column 'team_b_group_slot'
fixtures,83,group,,missing_value,warning,Missing value in column 'group'
fixtures,83,kickoff_local,TBD,placeholder_value,error,Placeholder value 'TBD' in column 'kickoff_local'
fixtures,83,kickoff_utc,TBD,placeholder_value,error,Placeholder value 'TBD' in column 'kickoff_utc'
fixtures,83,timezone,TBD,placeholder_value,error,Placeholder value 'TBD' in column 'timezone'
fixtures,83,venue,TBD,placeholder_value,error,Placeholder value 'TBD' in column 'venue'
fixtures,83,stadium,TBD,placeholder_value,error,Placeholder value 'TBD' in column 'stadium'
fixtures,83,city,TBD,placeholder_value,error,Placeholder value 'TBD' in column 'city'
fixtures,83,country,TBD,placeholder_value,error,Placeholder value 'TBD' in column 'country'
fixtures,83,team_a_code,TBD,placeholder_value,error,Placeholder value 'TBD' in column 'team_a_code'
fixtures,83,team_b_code,TBD,placeholder_value,error,Placeholder value 'TBD' in column 'team_b_code'
fixtures,83,team_a_group_slot,,missing_value,warning,Missing value in column 'team_a_group_slot'
fixtures,83,team_b_group_slot,,missing_value,warning,Missing value in column 'team_b_group_slot'
fixtures,84,group,,missing_value,warning,Missing value in column 'group'
fixtures,84,kickoff_local,TBD,placeholder_value,error,Placeholder value 'TBD' in column 'kickoff_local'
fixtures,84,kickoff_utc,TBD,placeholder_value,error,Placeholder value 'TBD' in column 'kickoff_utc'
fixtures,84,timezone,TBD,placeholder_value,error,Placeholder value 'TBD' in column 'timezone'
fixtures,84,venue,TBD,placeholder_value,error,Placeholder value 'TBD' in column 'venue'
fixtures,84,stadium,TBD,placeholder_value,error,Placeholder value 'TBD' in column 'stadium'
fixtures,84,city,TBD,placeholder_value,error,Placeholder value 'TBD' in column 'city'
fixtures,84,country,TBD,placeholder_value,error,Placeholder value 'TBD' in column 'country'
fixtures,84,team_a_code,TBD,placeholder_value,error,Placeholder value 'TBD' in column 'team_a_code'
fixtures,84,team_b_code,TBD,placeholder_value,error,Placeholder value 'TBD' in column 'team_b_code'
fixtures,84,team_a_group_slot,,missing_value,warning,Missing value in column 'team_a_group_slot'
fixtures,84,team_b_group_slot,,missing_value,warning,Missing value in column 'team_b_group_slot'
fixtures,85,group,,missing_value,warning,Missing value in column 'group'
fixtures,85,kickoff_local,TBD,placeholder_value,error,Placeholder value 'TBD' in column 'kickoff_local'
fixtures,85,kickoff_utc,TBD,placeholder_value,error,Placeholder value 'TBD' in column 'kickoff_utc'
fixtures,85,timezone,TBD,placeholder_value,error,Placeholder value 'TBD' in column 'timezone'
fixtures,85,venue,TBD,placeholder_value,error,Placeholder value 'TBD' in column 'venue'
fixtures,85,stadium,TBD,placeholder_value,error,Placeholder value 'TBD' in column 'stadium'
fixtures,85,city,TBD,placeholder_value,error,Placeholder value 'TBD' in column 'city'
fixtures,85,country,TBD,placeholder_value,error,Placeholder value 'TBD' in column 'country'
fixtures,85,team_a_code,TBD,placeholder_value,error,Placeholder value 'TBD' in column 'team_a_code'
fixtures,85,team_b_code,TBD,placeholder_value,error,Placeholder value 'TBD' in column 'team_b_code'
fixtures,85,team_a_group_slot,,missing_value,warning,Missing value in column 'team_a_group_slot'
fixtures,85,team_b_group_slot,,missing_value,warning,Missing value in column 'team_b_group_slot'
fixtures,86,group,,missing_value,warning,Missing value in column 'group'
fixtures,86,kickoff_local,TBD,placeholder_value,error,Placeholder value 'TBD' in column 'kickoff_local'
fixtures,86,kickoff_utc,TBD,placeholder_value,error,Placeholder value 'TBD' in column 'kickoff_utc'
fixtures,86,timezone,TBD,placeholder_value,error,Placeholder value 'TBD' in column 'timezone'
fixtures,86,venue,TBD,placeholder_value,error,Placeholder value 'TBD' in column 'venue'
fixtures,86,stadium,TBD,placeholder_value,error,Placeholder value 'TBD' in column 'stadium'
fixtures,86,city,TBD,placeholder_value,error,Placeholder value 'TBD' in column 'city'
fixtures,86,country,TBD,placeholder_value,error,Placeholder value 'TBD' in column 'country'
fixtures,86,team_a_code,TBD,placeholder_value,error,Placeholder value 'TBD' in column 'team_a_code'
fixtures,86,team_b_code,TBD,placeholder_value,error,Placeholder value 'TBD' in column 'team_b_code'
fixtures,86,team_a_group_slot,,missing_value,warning,Missing value in column 'team_a_group_slot'
fixtures,86,team_b_group_slot,,missing_value,warning,Missing value in column 'team_b_group_slot'
fixtures,87,group,,missing_value,warning,Missing value in column 'group'
fixtures,87,kickoff_local,TBD,placeholder_value,error,Placeholder value 'TBD' in column 'kickoff_local'
fixtures,87,kickoff_utc,TBD,placeholder_value,error,Placeholder value 'TBD' in column 'kickoff_utc'
fixtures,87,timezone,TBD,placeholder_value,error,Placeholder value 'TBD' in column 'timezone'
fixtures,87,venue,TBD,placeholder_value,error,Placeholder value 'TBD' in column 'venue'
fixtures,87,stadium,TBD,placeholder_value,error,Placeholder value 'TBD' in column 'stadium'
fixtures,87,city,TBD,placeholder_value,error,Placeholder value 'TBD' in column 'city'
fixtures,87,country,TBD,placeholder_value,error,Placeholder value 'TBD' in column 'country'
fixtures,87,team_a_code,TBD,placeholder_value,error,Placeholder value 'TBD' in column 'team_a_code'
fixtures,87,team_b_code,TBD,placeholder_value,error,Placeholder value 'TBD' in column 'team_b_code'
fixtures,87,team_a_group_slot,,missing_value,warning,Missing value in column 'team_a_group_slot'
fixtures,87,team_b_group_slot,,missing_value,warning,Missing value in column 'team_b_group_slot'
fixtures,88,group,,missing_value,warning,Missing value in column 'group'
fixtures,88,kickoff_local,TBD,placeholder_value,error,Placeholder value 'TBD' in column 'kickoff_local'
fixtures,88,kickoff_utc,TBD,placeholder_value,error,Placeholder value 'TBD' in column 'kickoff_utc'
fixtures,88,timezone,TBD,placeholder_value,error,Placeholder value 'TBD' in column 'timezone'
fixtures,88,venue,TBD,placeholder_value,error,Placeholder value 'TBD' in column 'venue'
fixtures,88,stadium,TBD,placeholder_value,error,Placeholder value 'TBD' in column 'stadium'
fixtures,88,city,TBD,placeholder_value,error,Placeholder value 'TBD' in column 'city'
fixtures,88,country,TBD,placeholder_value,error,Placeholder value 'TBD' in column 'country'
fixtures,88,team_a_code,TBD,placeholder_value,error,Placeholder value 'TBD' in column 'team_a_code'
fixtures,88,team_b_code,TBD,placeholder_value,error,Placeholder value 'TBD' in column 'team_b_code'
fixtures,88,team_a_group_slot,,missing_value,warning,Missing value in column 'team_a_group_slot'
fixtures,88,team_b_group_slot,,missing_value,warning,Missing value in column 'team_b_group_slot'
fixtures,89,group,,missing_value,warning,Missing value in column 'group'
fixtures,89,kickoff_local,TBD,placeholder_value,error,Placeholder value 'TBD' in column 'kickoff_local'
fixtures,89,kickoff_utc,TBD,placeholder_value,error,Placeholder value 'TBD' in column 'kickoff_utc'
fixtures,89,timezone,TBD,placeholder_value,error,Placeholder value 'TBD' in column 'timezone'
fixtures,89,venue,TBD,placeholder_value,error,Placeholder value 'TBD' in column 'venue'
fixtures,89,stadium,TBD,placeholder_value,error,Placeholder value 'TBD' in column 'stadium'
fixtures,89,city,TBD,placeholder_value,error,Placeholder value 'TBD' in column 'city'
fixtures,89,country,TBD,placeholder_value,error,Placeholder value 'TBD' in column 'country'
fixtures,89,team_a_code,TBD,placeholder_value,error,Placeholder value 'TBD' in column 'team_a_code'
fixtures,89,team_b_code,TBD,placeholder_value,error,Placeholder value 'TBD' in column 'team_b_code'
fixtures,89,team_a_group_slot,,missing_value,warning,Missing value in column 'team_a_group_slot'
fixtures,89,team_b_group_slot,,missing_value,warning,Missing value in column 'team_b_group_slot'
fixtures,90,group,,missing_value,warning,Missing value in column 'group'
fixtures,90,kickoff_local,TBD,placeholder_value,error,Placeholder value 'TBD' in column 'kickoff_local'
fixtures,90,kickoff_utc,TBD,placeholder_value,error,Placeholder value 'TBD' in column 'kickoff_utc'
fixtures,90,timezone,TBD,placeholder_value,error,Placeholder value 'TBD' in column 'timezone'
fixtures,90,venue,TBD,placeholder_value,error,Placeholder value 'TBD' in column 'venue'
fixtures,90,stadium,TBD,placeholder_value,error,Placeholder value 'TBD' in column 'stadium'
fixtures,90,city,TBD,placeholder_value,error,Placeholder value 'TBD' in column 'city'
fixtures,90,country,TBD,placeholder_value,error,Placeholder value 'TBD' in column 'country'
fixtures,90,team_a_code,TBD,placeholder_value,error,Placeholder value 'TBD' in column 'team_a_code'
fixtures,90,team_b_code,TBD,placeholder_value,error,Placeholder value 'TBD' in column 'team_b_code'
fixtures,90,team_a_group_slot,,missing_value,warning,Missing value in column 'team_a_group_slot'
fixtures,90,team_b_group_slot,,missing_value,warning,Missing value in column 'team_b_group_slot'
fixtures,91,group,,missing_value,warning,Missing value in column 'group'
fixtures,91,kickoff_local,TBD,placeholder_value,error,Placeholder value 'TBD' in column 'kickoff_local'
fixtures,91,kickoff_utc,TBD,placeholder_value,error,Placeholder value 'TBD' in column 'kickoff_utc'
fixtures,91,timezone,TBD,placeholder_value,error,Placeholder value 'TBD' in column 'timezone'
fixtures,91,venue,TBD,placeholder_value,error,Placeholder value 'TBD' in column 'venue'
fixtures,91,stadium,TBD,placeholder_value,error,Placeholder value 'TBD' in column 'stadium'
fixtures,91,city,TBD,placeholder_value,error,Placeholder value 'TBD' in column 'city'
fixtures,91,country,TBD,placeholder_value,error,Placeholder value 'TBD' in column 'country'
fixtures,91,team_a_code,TBD,placeholder_value,error,Placeholder value 'TBD' in column 'team_a_code'
fixtures,91,team_b_code,TBD,placeholder_value,error,Placeholder value 'TBD' in column 'team_b_code'
fixtures,91,team_a_group_slot,,missing_value,warning,Missing value in column 'team_a_group_slot'
fixtures,91,team_b_group_slot,,missing_value,warning,Missing value in column 'team_b_group_slot'
fixtures,92,group,,missing_value,warning,Missing value in column 'group'
fixtures,92,kickoff_local,TBD,placeholder_value,error,Placeholder value 'TBD' in column 'kickoff_local'
fixtures,92,kickoff_utc,TBD,placeholder_value,error,Placeholder value 'TBD' in column 'kickoff_utc'
fixtures,92,timezone,TBD,placeholder_value,error,Placeholder value 'TBD' in column 'timezone'
fixtures,92,venue,TBD,placeholder_value,error,Placeholder value 'TBD' in column 'venue'
fixtures,92,stadium,TBD,placeholder_value,error,Placeholder value 'TBD' in column 'stadium'
fixtures,92,city,TBD,placeholder_value,error,Placeholder value 'TBD' in column 'city'
fixtures,92,country,TBD,placeholder_value,error,Placeholder value 'TBD' in column 'country'
fixtures,92,team_a_code,TBD,placeholder_value,error,Placeholder value 'TBD' in column 'team_a_code'
fixtures,92,team_b_code,TBD,placeholder_value,error,Placeholder value 'TBD' in column 'team_b_code'
fixtures,92,team_a_group_slot,,missing_value,warning,Missing value in column 'team_a_group_slot'
fixtures,92,team_b_group_slot,,missing_value,warning,Missing value in column 'team_b_group_slot'
fixtures,93,group,,missing_value,warning,Missing value in column 'group'
fixtures,93,kickoff_local,TBD,placeholder_value,error,Placeholder value 'TBD' in column 'kickoff_local'
fixtures,93,kickoff_utc,TBD,placeholder_value,error,Placeholder value 'TBD' in column 'kickoff_utc'
fixtures,93,timezone,TBD,placeholder_value,error,Placeholder value 'TBD' in column 'timezone'
fixtures,93,venue,TBD,placeholder_value,error,Placeholder value 'TBD' in column 'venue'
fixtures,93,stadium,TBD,placeholder_value,error,Placeholder value 'TBD' in column 'stadium'
fixtures,93,city,TBD,placeholder_value,error,Placeholder value 'TBD' in column 'city'
fixtures,93,country,TBD,placeholder_value,error,Placeholder value 'TBD' in column 'country'
fixtures,93,team_a_code,TBD,placeholder_value,error,Placeholder value 'TBD' in column 'team_a_code'
fixtures,93,team_b_code,TBD,placeholder_value,error,Placeholder value 'TBD' in column 'team_b_code'
fixtures,93,team_a_group_slot,,missing_value,warning,Missing value in column 'team_a_group_slot'
fixtures,93,team_b_group_slot,,missing_value,warning,Missing value in column 'team_b_group_slot'
fixtures,94,group,,missing_value,warning,Missing value in column 'group'
fixtures,94,kickoff_local,TBD,placeholder_value,error,Placeholder value 'TBD' in column 'kickoff_local'
fixtures,94,kickoff_utc,TBD,placeholder_value,error,Placeholder value 'TBD' in column 'kickoff_utc'
fixtures,94,timezone,TBD,placeholder_value,error,Placeholder value 'TBD' in column 'timezone'
fixtures,94,venue,TBD,placeholder_value,error,Placeholder value 'TBD' in column 'venue'
fixtures,94,stadium,TBD,placeholder_value,error,Placeholder value 'TBD' in column 'stadium'
fixtures,94,city,TBD,placeholder_value,error,Placeholder value 'TBD' in column 'city'
fixtures,94,country,TBD,placeholder_value,error,Placeholder value 'TBD' in column 'country'
fixtures,94,team_a_code,TBD,placeholder_value,error,Placeholder value 'TBD' in column 'team_a_code'
fixtures,94,team_b_code,TBD,placeholder_value,error,Placeholder value 'TBD' in column 'team_b_code'
fixtures,94,team_a_group_slot,,missing_value,warning,Missing value in column 'team_a_group_slot'
fixtures,94,team_b_group_slot,,missing_value,warning,Missing value in column 'team_b_group_slot'
fixtures,95,group,,missing_value,warning,Missing value in column 'group'
fixtures,95,kickoff_local,TBD,placeholder_value,error,Placeholder value 'TBD' in column 'kickoff_local'
fixtures,95,kickoff_utc,TBD,placeholder_value,error,Placeholder value 'TBD' in column 'kickoff_utc'
fixtures,95,timezone,TBD,placeholder_value,error,Placeholder value 'TBD' in column 'timezone'
fixtures,95,venue,TBD,placeholder_value,error,Placeholder value 'TBD' in column 'venue'
fixtures,95,stadium,TBD,placeholder_value,error,Placeholder value 'TBD' in column 'stadium'
fixtures,95,city,TBD,placeholder_value,error,Placeholder value 'TBD' in column 'city'
fixtures,95,country,TBD,placeholder_value,error,Placeholder value 'TBD' in column 'country'
fixtures,95,team_a_code,TBD,placeholder_value,error,Placeholder value 'TBD' in column 'team_a_code'
fixtures,95,team_b_code,TBD,placeholder_value,error,Placeholder value 'TBD' in column 'team_b_code'
fixtures,95,team_a_group_slot,,missing_value,warning,Missing value in column 'team_a_group_slot'
fixtures,95,team_b_group_slot,,missing_value,warning,Missing value in column 'team_b_group_slot'
fixtures,96,group,,missing_value,warning,Missing value in column 'group'
fixtures,96,kickoff_local,TBD,placeholder_value,error,Placeholder value 'TBD' in column 'kickoff_local'
fixtures,96,kickoff_utc,TBD,placeholder_value,error,Placeholder value 'TBD' in column 'kickoff_utc'
fixtures,96,timezone,TBD,placeholder_value,error,Placeholder value 'TBD' in column 'timezone'
fixtures,96,venue,TBD,placeholder_value,error,Placeholder value 'TBD' in column 'venue'
fixtures,96,stadium,TBD,placeholder_value,error,Placeholder value 'TBD' in column 'stadium'
fixtures,96,city,TBD,placeholder_value,error,Placeholder value 'TBD' in column 'city'
fixtures,96,country,TBD,placeholder_value,error,Placeholder value 'TBD' in column 'country'
fixtures,96,team_a_code,TBD,placeholder_value,error,Placeholder value 'TBD' in column 'team_a_code'
fixtures,96,team_b_code,TBD,placeholder_value,error,Placeholder value 'TBD' in column 'team_b_code'
fixtures,96,team_a_group_slot,,missing_value,warning,Missing value in column 'team_a_group_slot'
fixtures,96,team_b_group_slot,,missing_value,warning,Missing value in column 'team_b_group_slot'
fixtures,97,group,,missing_value,warning,Missing value in column 'group'
fixtures,97,kickoff_local,TBD,placeholder_value,error,Placeholder value 'TBD' in column 'kickoff_local'
fixtures,97,kickoff_utc,TBD,placeholder_value,error,Placeholder value 'TBD' in column 'kickoff_utc'
fixtures,97,timezone,TBD,placeholder_value,error,Placeholder value 'TBD' in column 'timezone'
fixtures,97,venue,TBD,placeholder_value,error,Placeholder value 'TBD' in column 'venue'
fixtures,97,stadium,TBD,placeholder_value,error,Placeholder value 'TBD' in column 'stadium'
fixtures,97,city,TBD,placeholder_value,error,Placeholder value 'TBD' in column 'city'
fixtures,97,country,TBD,placeholder_value,error,Placeholder value 'TBD' in column 'country'
fixtures,97,team_a_code,TBD,placeholder_value,error,Placeholder value 'TBD' in column 'team_a_code'
fixtures,97,team_b_code,TBD,placeholder_value,error,Placeholder value 'TBD' in column 'team_b_code'
fixtures,97,team_a_group_slot,,missing_value,warning,Missing value in column 'team_a_group_slot'
fixtures,97,team_b_group_slot,,missing_value,warning,Missing value in column 'team_b_group_slot'
fixtures,98,group,,missing_value,warning,Missing value in column 'group'
fixtures,98,kickoff_local,TBD,placeholder_value,error,Placeholder value 'TBD' in column 'kickoff_local'
fixtures,98,kickoff_utc,TBD,placeholder_value,error,Placeholder value 'TBD' in column 'kickoff_utc'
fixtures,98,timezone,TBD,placeholder_value,error,Placeholder value 'TBD' in column 'timezone'
fixtures,98,venue,TBD,placeholder_value,error,Placeholder value 'TBD' in column 'venue'
fixtures,98,stadium,TBD,placeholder_value,error,Placeholder value 'TBD' in column 'stadium'
fixtures,98,city,TBD,placeholder_value,error,Placeholder value 'TBD' in column 'city'
fixtures,98,country,TBD,placeholder_value,error,Placeholder value 'TBD' in column 'country'
fixtures,98,team_a_code,TBD,placeholder_value,error,Placeholder value 'TBD' in column 'team_a_code'
fixtures,98,team_b_code,TBD,placeholder_value,error,Placeholder value 'TBD' in column 'team_b_code'
fixtures,98,team_a_group_slot,,missing_value,warning,Missing value in column 'team_a_group_slot'
fixtures,98,team_b_group_slot,,missing_value,warning,Missing value in column 'team_b_group_slot'
fixtures,99,group,,missing_value,warning,Missing value in column 'group'
fixtures,99,kickoff_local,TBD,placeholder_value,error,Placeholder value 'TBD' in column 'kickoff_local'
fixtures,99,kickoff_utc,TBD,placeholder_value,error,Placeholder value 'TBD' in column 'kickoff_utc'
fixtures,99,timezone,TBD,placeholder_value,error,Placeholder value 'TBD' in column 'timezone'
fixtures,99,venue,TBD,placeholder_value,error,Placeholder value 'TBD' in column 'venue'
fixtures,99,stadium,TBD,placeholder_value,error,Placeholder value 'TBD' in column 'stadium'
fixtures,99,city,TBD,placeholder_value,error,Placeholder value 'TBD' in column 'city'
fixtures,99,country,TBD,placeholder_value,error,Placeholder value 'TBD' in column 'country'
fixtures,99,team_a_code,TBD,placeholder_value,error,Placeholder value 'TBD' in column 'team_a_code'
fixtures,99,team_b_code,TBD,placeholder_value,error,Placeholder value 'TBD' in column 'team_b_code'
fixtures,99,team_a_group_slot,,missing_value,warning,Missing value in column 'team_a_group_slot'
fixtures,99,team_b_group_slot,,missing_value,warning,Missing value in column 'team_b_group_slot'
fixtures,100,group,,missing_value,warning,Missing value in column 'group'
fixtures,100,kickoff_local,TBD,placeholder_value,error,Placeholder value 'TBD' in column 'kickoff_local'
fixtures,100,kickoff_utc,TBD,placeholder_value,error,Placeholder value 'TBD' in column 'kickoff_utc'
fixtures,100,timezone,TBD,placeholder_value,error,Placeholder value 'TBD' in column 'timezone'
fixtures,100,venue,TBD,placeholder_value,error,Placeholder value 'TBD' in column 'venue'
fixtures,100,stadium,TBD,placeholder_value,error,Placeholder value 'TBD' in column 'stadium'
fixtures,100,city,TBD,placeholder_value,error,Placeholder value 'TBD' in column 'city'
fixtures,100,country,TBD,placeholder_value,error,Placeholder value 'TBD' in column 'country'
fixtures,100,team_a_code,TBD,placeholder_value,error,Placeholder value 'TBD' in column 'team_a_code'
fixtures,100,team_b_code,TBD,placeholder_value,error,Placeholder value 'TBD' in column 'team_b_code'
fixtures,100,team_a_group_slot,,missing_value,warning,Missing value in column 'team_a_group_slot'
fixtures,100,team_b_group_slot,,missing_value,warning,Missing value in column 'team_b_group_slot'
fixtures,101,group,,missing_value,warning,Missing value in column 'group'
fixtures,101,kickoff_local,TBD,placeholder_value,error,Placeholder value 'TBD' in column 'kickoff_local'
fixtures,101,kickoff_utc,TBD,placeholder_value,error,Placeholder value 'TBD' in column 'kickoff_utc'
fixtures,101,timezone,TBD,placeholder_value,error,Placeholder value 'TBD' in column 'timezone'
fixtures,101,venue,TBD,placeholder_value,error,Placeholder value 'TBD' in column 'venue'
fixtures,101,stadium,TBD,placeholder_value,error,Placeholder value 'TBD' in column 'stadium'
fixtures,101,city,TBD,placeholder_value,error,Placeholder value 'TBD' in column 'city'
fixtures,101,country,TBD,placeholder_value,error,Placeholder value 'TBD' in column 'country'
fixtures,101,team_a_code,TBD,placeholder_value,error,Placeholder value 'TBD' in column 'team_a_code'
fixtures,101,team_b_code,TBD,placeholder_value,error,Placeholder value 'TBD' in column 'team_b_code'
fixtures,101,team_a_group_slot,,missing_value,warning,Missing value in column 'team_a_group_slot'
fixtures,101,team_b_group_slot,,missing_value,warning,Missing value in column 'team_b_group_slot'
fixtures,102,group,,missing_value,warning,Missing value in column 'group'
fixtures,102,kickoff_local,TBD,placeholder_value,error,Placeholder value 'TBD' in column 'kickoff_local'
fixtures,102,kickoff_utc,TBD,placeholder_value,error,Placeholder value 'TBD' in column 'kickoff_utc'
fixtures,102,timezone,TBD,placeholder_value,error,Placeholder value 'TBD' in column 'timezone'
fixtures,102,venue,TBD,placeholder_value,error,Placeholder value 'TBD' in column 'venue'
fixtures,102,stadium,TBD,placeholder_value,error,Placeholder value 'TBD' in column 'stadium'
fixtures,102,city,TBD,placeholder_value,error,Placeholder value 'TBD' in column 'city'
fixtures,102,country,TBD,placeholder_value,error,Placeholder value 'TBD' in column 'country'
fixtures,102,team_a,TBD,placeholder_value,error,Placeholder value 'TBD' in column 'team_a'
fixtures,102,team_b,TBD,placeholder_value,error,Placeholder value 'TBD' in column 'team_b'
fixtures,102,team_a_code,TBD,placeholder_value,error,Placeholder value 'TBD' in column 'team_a_code'
fixtures,102,team_b_code,TBD,placeholder_value,error,Placeholder value 'TBD' in column 'team_b_code'
fixtures,102,team_a_group_slot,,missing_value,warning,Missing value in column 'team_a_group_slot'
fixtures,102,team_b_group_slot,,missing_value,warning,Missing value in column 'team_b_group_slot'
fixtures,103,group,,missing_value,warning,Missing value in column 'group'
fixtures,103,kickoff_local,TBD,placeholder_value,error,Placeholder value 'TBD' in column 'kickoff_local'
fixtures,103,kickoff_utc,TBD,placeholder_value,error,Placeholder value 'TBD' in column 'kickoff_utc'
fixtures,103,timezone,TBD,placeholder_value,error,Placeholder value 'TBD' in column 'timezone'
fixtures,103,team_a,TBD,placeholder_value,error,Placeholder value 'TBD' in column 'team_a'
fixtures,103,team_b,TBD,placeholder_value,error,Placeholder value 'TBD' in column 'team_b'
fixtures,103,team_a_code,TBD,placeholder_value,error,Placeholder value 'TBD' in column 'team_a_code'
fixtures,103,team_b_code,TBD,placeholder_value,error,Placeholder value 'TBD' in column 'team_b_code'
fixtures,103,team_a_group_slot,,missing_value,warning,Missing value in column 'team_a_group_slot'
fixtures,103,team_b_group_slot,,missing_value,warning,Missing value in column 'team_b_group_slot'
players,0,first_names,,missing_value,warning,Missing value in column 'first_names'
players,0,last_names,,missing_value,warning,Missing value in column 'last_names'
players,0,club_country,,missing_value,warning,Missing value in column 'club_country'
players,0,source,sample_to_be_verified,placeholder_value,error,Placeholder value 'sample_to_be_verified' in column 'source'
players,1,first_names,,missing_value,warning,Missing value in column 'first_names'
players,1,last_names,,missing_value,warning,Missing value in column 'last_names'
players,1,club_country,,missing_value,warning,Missing value in column 'club_country'
players,1,source,sample_to_be_verified,placeholder_value,error,Placeholder value 'sample_to_be_verified' in column 'source'
players,2,first_names,,missing_value,warning,Missing value in column 'first_names'
players,2,last_names,,missing_value,warning,Missing value in column 'last_names'
players,2,club_country,,missing_value,warning,Missing value in column 'club_country'
players,2,source,sample_to_be_verified,placeholder_value,error,Placeholder value 'sample_to_be_verified' in column 'source'
players,3,first_names,,missing_value,warning,Missing value in column 'first_names'
players,3,last_names,,missing_value,warning,Missing value in column 'last_names'
players,3,club_country,,missing_value,warning,Missing value in column 'club_country'
players,3,source,sample_to_be_verified,placeholder_value,error,Placeholder value 'sample_to_be_verified' in column 'source'
players,4,first_names,,missing_value,warning,Missing value in column 'first_names'
players,4,last_names,,missing_value,warning,Missing value in column 'last_names'
players,4,club_country,,missing_value,warning,Missing value in column 'club_country'
players,4,source,sample_to_be_verified,placeholder_value,error,Placeholder value 'sample_to_be_verified' in column 'source'
players,5,first_names,,missing_value,warning,Missing value in column 'first_names'
players,5,last_names,,missing_value,warning,Missing value in column 'last_names'
players,5,club_country,,missing_value,warning,Missing value in column 'club_country'
players,5,source,sample_to_be_verified,placeholder_value,error,Placeholder value 'sample_to_be_verified' in column 'source'
players,6,first_names,,missing_value,warning,Missing value in column 'first_names'
players,6,last_names,,missing_value,warning,Missing value in column 'last_names'
players,6,club_country,,missing_value,warning,Missing value in column 'club_country'
players,6,source,sample_to_be_verified,placeholder_value,error,Placeholder value 'sample_to_be_verified' in column 'source'
players,7,first_names,,missing_value,warning,Missing value in column 'first_names'
players,7,last_names,,missing_value,warning,Missing value in column 'last_names'
players,7,club_country,,missing_value,warning,Missing value in column 'club_country'
players,7,source,sample_to_be_verified,placeholder_value,error,Placeholder value 'sample_to_be_verified' in column 'source'
players,8,first_names,,missing_value,warning,Missing value in column 'first_names'
players,8,last_names,,missing_value,warning,Missing value in column 'last_names'
players,8,club_country,,missing_value,warning,Missing value in column 'club_country'
players,8,source,sample_to_be_verified,placeholder_value,error,Placeholder value 'sample_to_be_verified' in column 'source'
players,9,first_names,,missing_value,warning,Missing value in column 'first_names'
players,9,last_names,,missing_value,warning,Missing value in column 'last_names'
players,9,club_country,,missing_value,warning,Missing value in column 'club_country'
players,9,source,sample_to_be_verified,placeholder_value,error,Placeholder value 'sample_to_be_verified' in column 'source'
players,10,first_names,,missing_value,warning,Missing value in column 'first_names'
players,10,last_names,,missing_value,warning,Missing value in column 'last_names'
players,10,club_country,,missing_value,warning,Missing value in column 'club_country'
players,10,source,sample_to_be_verified,placeholder_value,error,Placeholder value 'sample_to_be_verified' in column 'source'
players,11,first_names,,missing_value,warning,Missing value in column 'first_names'
players,11,last_names,,missing_value,warning,Missing value in column 'last_names'
players,11,club_country,,missing_value,warning,Missing value in column 'club_country'
players,11,source,sample_to_be_verified,placeholder_value,error,Placeholder value 'sample_to_be_verified' in column 'source'
players,12,first_names,,missing_value,warning,Missing value in column 'first_names'
players,12,last_names,,missing_value,warning,Missing value in column 'last_names'
players,12,club_country,,missing_value,warning,Missing value in column 'club_country'
players,12,source,sample_to_be_verified,placeholder_value,error,Placeholder value 'sample_to_be_verified' in column 'source'
players,13,first_names,,missing_value,warning,Missing value in column 'first_names'
players,13,last_names,,missing_value,warning,Missing value in column 'last_names'
players,13,club_country,,missing_value,warning,Missing value in column 'club_country'
players,13,source,sample_to_be_verified,placeholder_value,error,Placeholder value 'sample_to_be_verified' in column 'source'
players,14,first_names,,missing_value,warning,Missing value in column 'first_names'
players,14,last_names,,missing_value,warning,Missing value in column 'last_names'
players,14,club_country,,missing_value,warning,Missing value in column 'club_country'
players,14,source,sample_to_be_verified,placeholder_value,error,Placeholder value 'sample_to_be_verified' in column 'source'
players,15,first_names,,missing_value,warning,Missing value in column 'first_names'
players,15,last_names,,missing_value,warning,Missing value in column 'last_names'
players,15,club_country,,missing_value,warning,Missing value in column 'club_country'
players,15,source,sample_to_be_verified,placeholder_value,error,Placeholder value 'sample_to_be_verified' in column 'source'
players,16,first_names,,missing_value,warning,Missing value in column 'first_names'
players,16,last_names,,missing_value,warning,Missing value in column 'last_names'
players,16,club_country,,missing_value,warning,Missing value in column 'club_country'
players,16,source,sample_to_be_verified,placeholder_value,error,Placeholder value 'sample_to_be_verified' in column 'source'
players,17,first_names,,missing_value,warning,Missing value in column 'first_names'
players,17,last_names,,missing_value,warning,Missing value in column 'last_names'
players,17,club_country,,missing_value,warning,Missing value in column 'club_country'
players,17,source,sample_to_be_verified,placeholder_value,error,Placeholder value 'sample_to_be_verified' in column 'source'
players,18,first_names,,missing_value,warning,Missing value in column 'first_names'
players,18,last_names,,missing_value,warning,Missing value in column 'last_names'
players,18,club_country,,missing_value,warning,Missing value in column 'club_country'
players,18,source,sample_to_be_verified,placeholder_value,error,Placeholder value 'sample_to_be_verified' in column 'source'
players,19,first_names,,missing_value,warning,Missing value in column 'first_names'
players,19,last_names,,missing_value,warning,Missing value in column 'last_names'
players,19,club_country,,missing_value,warning,Missing value in column 'club_country'
players,19,source,sample_to_be_verified,placeholder_value,error,Placeholder value 'sample_to_be_verified' in column 'source'
players,20,first_names,,missing_value,warning,Missing value in column 'first_names'
players,20,last_names,,missing_value,warning,Missing value in column 'last_names'
players,20,club_country,,missing_value,warning,Missing value in column 'club_country'
players,20,source,sample_to_be_verified,placeholder_value,error,Placeholder value 'sample_to_be_verified' in column 'source'
players,21,first_names,,missing_value,warning,Missing value in column 'first_names'
players,21,last_names,,missing_value,warning,Missing value in column 'last_names'
players,21,club_country,,missing_value,warning,Missing value in column 'club_country'
players,21,source,sample_to_be_verified,placeholder_value,error,Placeholder value 'sample_to_be_verified' in column 'source'
players,22,first_names,,missing_value,warning,Missing value in column 'first_names'
players,22,last_names,,missing_value,warning,Missing value in column 'last_names'
players,22,club_country,,missing_value,warning,Missing value in column 'club_country'
players,22,source,sample_to_be_verified,placeholder_value,error,Placeholder value 'sample_to_be_verified' in column 'source'
players,23,first_names,,missing_value,warning,Missing value in column 'first_names'
players,23,last_names,,missing_value,warning,Missing value in column 'last_names'
players,23,club_country,,missing_value,warning,Missing value in column 'club_country'
players,23,source,sample_to_be_verified,placeholder_value,error,Placeholder value 'sample_to_be_verified' in column 'source'
players,24,first_names,,missing_value,warning,Missing value in column 'first_names'
players,24,last_names,,missing_value,warning,Missing value in column 'last_names'
players,24,club_country,,missing_value,warning,Missing value in column 'club_country'
players,24,source,sample_to_be_verified,placeholder_value,error,Placeholder value 'sample_to_be_verified' in column 'source'
players,25,first_names,,missing_value,warning,Missing value in column 'first_names'
players,25,last_names,,missing_value,warning,Missing value in column 'last_names'
players,25,club_country,,missing_value,warning,Missing value in column 'club_country'
players,25,source,sample_to_be_verified,placeholder_value,error,Placeholder value 'sample_to_be_verified' in column 'source'
players,26,first_names,,missing_value,warning,Missing value in column 'first_names'
players,26,last_names,,missing_value,warning,Missing value in column 'last_names'
players,26,club_country,,missing_value,warning,Missing value in column 'club_country'
players,26,source,sample_to_be_verified,placeholder_value,error,Placeholder value 'sample_to_be_verified' in column 'source'
players,27,first_names,,missing_value,warning,Missing value in column 'first_names'
players,27,last_names,,missing_value,warning,Missing value in column 'last_names'
players,27,club_country,,missing_value,warning,Missing value in column 'club_country'
players,27,source,sample_to_be_verified,placeholder_value,error,Placeholder value 'sample_to_be_verified' in column 'source'
players,28,first_names,,missing_value,warning,Missing value in column 'first_names'
players,28,last_names,,missing_value,warning,Missing value in column 'last_names'
players,28,club_country,,missing_value,warning,Missing value in column 'club_country'
players,28,source,sample_to_be_verified,placeholder_value,error,Placeholder value 'sample_to_be_verified' in column 'source'
players,29,first_names,,missing_value,warning,Missing value in column 'first_names'
players,29,last_names,,missing_value,warning,Missing value in column 'last_names'
players,29,club_country,,missing_value,warning,Missing value in column 'club_country'
players,29,source,sample_to_be_verified,placeholder_value,error,Placeholder value 'sample_to_be_verified' in column 'source'
players,30,first_names,,missing_value,warning,Missing value in column 'first_names'
players,30,last_names,,missing_value,warning,Missing value in column 'last_names'
players,30,club_country,,missing_value,warning,Missing value in column 'club_country'
players,30,source,sample_to_be_verified,placeholder_value,error,Placeholder value 'sample_to_be_verified' in column 'source'
players,31,first_names,,missing_value,warning,Missing value in column 'first_names'
players,31,last_names,,missing_value,warning,Missing value in column 'last_names'
players,31,club_country,,missing_value,warning,Missing value in column 'club_country'
players,31,source,sample_to_be_verified,placeholder_value,error,Placeholder value 'sample_to_be_verified' in column 'source'
players,32,first_names,,missing_value,warning,Missing value in column 'first_names'
players,32,last_names,,missing_value,warning,Missing value in column 'last_names'
players,32,club_country,,missing_value,warning,Missing value in column 'club_country'
players,32,source,sample_to_be_verified,placeholder_value,error,Placeholder value 'sample_to_be_verified' in column 'source'
players,33,first_names,,missing_value,warning,Missing value in column 'first_names'
players,33,last_names,,missing_value,warning,Missing value in column 'last_names'
players,33,club_country,,missing_value,warning,Missing value in column 'club_country'
players,33,source,sample_to_be_verified,placeholder_value,error,Placeholder value 'sample_to_be_verified' in column 'source'
players,34,first_names,,missing_value,warning,Missing value in column 'first_names'
players,34,last_names,,missing_value,warning,Missing value in column 'last_names'
players,34,club_country,,missing_value,warning,Missing value in column 'club_country'
players,34,source,sample_to_be_verified,placeholder_value,error,Placeholder value 'sample_to_be_verified' in column 'source'
players,35,first_names,,missing_value,warning,Missing value in column 'first_names'
players,35,last_names,,missing_value,warning,Missing value in column 'last_names'
players,35,club_country,,missing_value,warning,Missing value in column 'club_country'
players,35,source,sample_to_be_verified,placeholder_value,error,Placeholder value 'sample_to_be_verified' in column 'source'
players,36,first_names,,missing_value,warning,Missing value in column 'first_names'
players,36,last_names,,missing_value,warning,Missing value in column 'last_names'
players,36,club_country,,missing_value,warning,Missing value in column 'club_country'
players,36,source,sample_to_be_verified,placeholder_value,error,Placeholder value 'sample_to_be_verified' in column 'source'
players,37,first_names,,missing_value,warning,Missing value in column 'first_names'
players,37,last_names,,missing_value,warning,Missing value in column 'last_names'
players,37,club_country,,missing_value,warning,Missing value in column 'club_country'
players,37,source,sample_to_be_verified,placeholder_value,error,Placeholder value 'sample_to_be_verified' in column 'source'
players,38,first_names,,missing_value,warning,Missing value in column 'first_names'
players,38,last_names,,missing_value,warning,Missing value in column 'last_names'
players,38,club_country,,missing_value,warning,Missing value in column 'club_country'
players,38,source,sample_to_be_verified,placeholder_value,error,Placeholder value 'sample_to_be_verified' in column 'source'
players,39,first_names,,missing_value,warning,Missing value in column 'first_names'
players,39,last_names,,missing_value,warning,Missing value in column 'last_names'
players,39,club_country,,missing_value,warning,Missing value in column 'club_country'
players,39,source,sample_to_be_verified,placeholder_value,error,Placeholder value 'sample_to_be_verified' in column 'source'
players,40,first_names,,missing_value,warning,Missing value in column 'first_names'
players,40,last_names,,missing_value,warning,Missing value in column 'last_names'
players,40,club_country,,missing_value,warning,Missing value in column 'club_country'
players,40,source,sample_to_be_verified,placeholder_value,error,Placeholder value 'sample_to_be_verified' in column 'source'
players,41,first_names,,missing_value,warning,Missing value in column 'first_names'
players,41,last_names,,missing_value,warning,Missing value in column 'last_names'
players,41,club_country,,missing_value,warning,Missing value in column 'club_country'
players,41,source,sample_to_be_verified,placeholder_value,error,Placeholder value 'sample_to_be_verified' in column 'source'
players,42,first_names,,missing_value,warning,Missing value in column 'first_names'
players,42,last_names,,missing_value,warning,Missing value in column 'last_names'
players,42,club_country,,missing_value,warning,Missing value in column 'club_country'
players,42,source,sample_to_be_verified,placeholder_value,error,Placeholder value 'sample_to_be_verified' in column 'source'
players,43,first_names,,missing_value,warning,Missing value in column 'first_names'
players,43,last_names,,missing_value,warning,Missing value in column 'last_names'
players,43,club_country,,missing_value,warning,Missing value in column 'club_country'
players,43,source,sample_to_be_verified,placeholder_value,error,Placeholder value 'sample_to_be_verified' in column 'source'
players,44,first_names,,missing_value,warning,Missing value in column 'first_names'
players,44,last_names,,missing_value,warning,Missing value in column 'last_names'
players,44,club_country,,missing_value,warning,Missing value in column 'club_country'
players,44,source,sample_to_be_verified,placeholder_value,error,Placeholder value 'sample_to_be_verified' in column 'source'
players,45,first_names,,missing_value,warning,Missing value in column 'first_names'
players,45,last_names,,missing_value,warning,Missing value in column 'last_names'
players,45,club_country,,missing_value,warning,Missing value in column 'club_country'
players,45,source,sample_to_be_verified,placeholder_value,error,Placeholder value 'sample_to_be_verified' in column 'source'
players,46,first_names,,missing_value,warning,Missing value in column 'first_names'
players,46,last_names,,missing_value,warning,Missing value in column 'last_names'
players,46,club_country,,missing_value,warning,Missing value in column 'club_country'
players,46,source,sample_to_be_verified,placeholder_value,error,Placeholder value 'sample_to_be_verified' in column 'source'
players,47,first_names,,missing_value,warning,Missing value in column 'first_names'
players,47,last_names,,missing_value,warning,Missing value in column 'last_names'
players,47,club_country,,missing_value,warning,Missing value in column 'club_country'
players,47,source,sample_to_be_verified,placeholder_value,error,Placeholder value 'sample_to_be_verified' in column 'source'
players,48,first_names,,missing_value,warning,Missing value in column 'first_names'
players,48,last_names,,missing_value,warning,Missing value in column 'last_names'
players,48,club_country,,missing_value,warning,Missing value in column 'club_country'
players,48,source,sample_to_be_verified,placeholder_value,error,Placeholder value 'sample_to_be_verified' in column 'source'
players,49,first_names,,missing_value,warning,Missing value in column 'first_names'
players,49,last_names,,missing_value,warning,Missing value in column 'last_names'
players,49,club_country,,missing_value,warning,Missing value in column 'club_country'
players,49,source,sample_to_be_verified,placeholder_value,error,Placeholder value 'sample_to_be_verified' in column 'source'
players,50,first_names,,missing_value,warning,Missing value in column 'first_names'
players,50,last_names,,missing_value,warning,Missing value in column 'last_names'
players,50,club_country,,missing_value,warning,Missing value in column 'club_country'
players,50,source,sample_to_be_verified,placeholder_value,error,Placeholder value 'sample_to_be_verified' in column 'source'
players,51,first_names,,missing_value,warning,Missing value in column 'first_names'
players,51,last_names,,missing_value,warning,Missing value in column 'last_names'
players,51,club_country,,missing_value,warning,Missing value in column 'club_country'
players,51,source,sample_to_be_verified,placeholder_value,error,Placeholder value 'sample_to_be_verified' in column 'source'
players,52,first_names,,missing_value,warning,Missing value in column 'first_names'
players,52,last_names,,missing_value,warning,Missing value in column 'last_names'
players,52,club_country,,missing_value,warning,Missing value in column 'club_country'
players,52,source,sample_to_be_verified,placeholder_value,error,Placeholder value 'sample_to_be_verified' in column 'source'
players,53,first_names,,missing_value,warning,Missing value in column 'first_names'
players,53,last_names,,missing_value,warning,Missing value in column 'last_names'
players,53,club_country,,missing_value,warning,Missing value in column 'club_country'
players,53,source,sample_to_be_verified,placeholder_value,error,Placeholder value 'sample_to_be_verified' in column 'source'
players,54,first_names,,missing_value,warning,Missing value in column 'first_names'
players,54,last_names,,missing_value,warning,Missing value in column 'last_names'
players,54,club_country,,missing_value,warning,Missing value in column 'club_country'
players,54,source,sample_to_be_verified,placeholder_value,error,Placeholder value 'sample_to_be_verified' in column 'source'
players,55,first_names,,missing_value,warning,Missing value in column 'first_names'
players,55,last_names,,missing_value,warning,Missing value in column 'last_names'
players,55,club_country,,missing_value,warning,Missing value in column 'club_country'
players,55,source,sample_to_be_verified,placeholder_value,error,Placeholder value 'sample_to_be_verified' in column 'source'
players,56,first_names,,missing_value,warning,Missing value in column 'first_names'
players,56,last_names,,missing_value,warning,Missing value in column 'last_names'
players,56,club_country,,missing_value,warning,Missing value in column 'club_country'
players,56,source,sample_to_be_verified,placeholder_value,error,Placeholder value 'sample_to_be_verified' in column 'source'
players,57,first_names,,missing_value,warning,Missing value in column 'first_names'
players,57,last_names,,missing_value,warning,Missing value in column 'last_names'
players,57,club_country,,missing_value,warning,Missing value in column 'club_country'
players,57,source,sample_to_be_verified,placeholder_value,error,Placeholder value 'sample_to_be_verified' in column 'source'
players,58,first_names,,missing_value,warning,Missing value in column 'first_names'
players,58,last_names,,missing_value,warning,Missing value in column 'last_names'
players,58,club_country,,missing_value,warning,Missing value in column 'club_country'
players,58,source,sample_to_be_verified,placeholder_value,error,Placeholder value 'sample_to_be_verified' in column 'source'
players,59,first_names,,missing_value,warning,Missing value in column 'first_names'
players,59,last_names,,missing_value,warning,Missing value in column 'last_names'
players,59,club_country,,missing_value,warning,Missing value in column 'club_country'
players,59,source,sample_to_be_verified,placeholder_value,error,Placeholder value 'sample_to_be_verified' in column 'source'
players,60,first_names,,missing_value,warning,Missing value in column 'first_names'
players,60,last_names,,missing_value,warning,Missing value in column 'last_names'
players,60,club_country,,missing_value,warning,Missing value in column 'club_country'
players,60,source,sample_to_be_verified,placeholder_value,error,Placeholder value 'sample_to_be_verified' in column 'source'
players,61,first_names,,missing_value,warning,Missing value in column 'first_names'
players,61,last_names,,missing_value,warning,Missing value in column 'last_names'
players,61,club_country,,missing_value,warning,Missing value in column 'club_country'
players,61,source,sample_to_be_verified,placeholder_value,error,Placeholder value 'sample_to_be_verified' in column 'source'
players,62,first_names,,missing_value,warning,Missing value in column 'first_names'
players,62,last_names,,missing_value,warning,Missing value in column 'last_names'
players,62,club_country,,missing_value,warning,Missing value in column 'club_country'
players,62,source,sample_to_be_verified,placeholder_value,error,Placeholder value 'sample_to_be_verified' in column 'source'
players,63,first_names,,missing_value,warning,Missing value in column 'first_names'
players,63,last_names,,missing_value,warning,Missing value in column 'last_names'
players,63,club_country,,missing_value,warning,Missing value in column 'club_country'
players,63,source,sample_to_be_verified,placeholder_value,error,Placeholder value 'sample_to_be_verified' in column 'source'
players,64,first_names,,missing_value,warning,Missing value in column 'first_names'
players,64,last_names,,missing_value,warning,Missing value in column 'last_names'
players,64,club_country,,missing_value,warning,Missing value in column 'club_country'
players,64,source,sample_to_be_verified,placeholder_value,error,Placeholder value 'sample_to_be_verified' in column 'source'
award_candidates,0,source,sample_to_be_verified,placeholder_value,error,Placeholder value 'sample_to_be_verified' in column 'source'
award_candidates,1,source,sample_to_be_verified,placeholder_value,error,Placeholder value 'sample_to_be_verified' in column 'source'
award_candidates,2,source,sample_to_be_verified,placeholder_value,error,Placeholder value 'sample_to_be_verified' in column 'source'
award_candidates,3,source,sample_to_be_verified,placeholder_value,error,Placeholder value 'sample_to_be_verified' in column 'source'
award_candidates,4,source,sample_to_be_verified,placeholder_value,error,Placeholder value 'sample_to_be_verified' in column 'source'
award_candidates,5,source,sample_to_be_verified,placeholder_value,error,Placeholder value 'sample_to_be_verified' in column 'source'
award_candidates,6,source,sample_to_be_verified,placeholder_value,error,Placeholder value 'sample_to_be_verified' in column 'source'
award_candidates,7,source,sample_to_be_verified,placeholder_value,error,Placeholder value 'sample_to_be_verified' in column 'source'
award_candidates,8,source,sample_to_be_verified,placeholder_value,error,Placeholder value 'sample_to_be_verified' in column 'source'
award_candidates,9,source,sample_to_be_verified,placeholder_value,error,Placeholder value 'sample_to_be_verified' in column 'source'
award_candidates,10,source,sample_to_be_verified,placeholder_value,error,Placeholder value 'sample_to_be_verified' in column 'source'
award_candidates,11,source,sample_to_be_verified,placeholder_value,error,Placeholder value 'sample_to_be_verified' in column 'source'
award_candidates,12,source,sample_to_be_verified,placeholder_value,error,Placeholder value 'sample_to_be_verified' in column 'source'
award_candidates,13,source,sample_to_be_verified,placeholder_value,error,Placeholder value 'sample_to_be_verified' in column 'source'
award_candidates,14,source,sample_to_be_verified,placeholder_value,error,Placeholder value 'sample_to_be_verified' in column 'source'
award_candidates,15,source,sample_to_be_verified,placeholder_value,error,Placeholder value 'sample_to_be_verified' in column 'source'
award_candidates,16,source,sample_to_be_verified,placeholder_value,error,Placeholder value 'sample_to_be_verified' in column 'source'
award_candidates,17,source,sample_to_be_verified,placeholder_value,error,Placeholder value 'sample_to_be_verified' in column 'source'
award_candidates,18,source,sample_to_be_verified,placeholder_value,error,Placeholder value 'sample_to_be_verified' in column 'source'
award_candidates,19,source,sample_to_be_verified,placeholder_value,error,Placeholder value 'sample_to_be_verified' in column 'source'
award_candidates,20,source,sample_to_be_verified,placeholder_value,error,Placeholder value 'sample_to_be_verified' in column 'source'
award_candidates,21,source,sample_to_be_verified,placeholder_value,error,Placeholder value 'sample_to_be_verified' in column 'source'
award_candidates,22,source,sample_to_be_verified,placeholder_value,error,Placeholder value 'sample_to_be_verified' in column 'source'
award_candidates,23,source,sample_to_be_verified,placeholder_value,error,Placeholder value 'sample_to_be_verified' in column 'source'
award_candidates,24,source,sample_to_be_verified,placeholder_value,error,Placeholder value 'sample_to_be_verified' in column 'source'
award_candidates,25,source,sample_to_be_verified,placeholder_value,error,Placeholder value 'sample_to_be_verified' in column 'source'
award_candidates,26,source,sample_to_be_verified,placeholder_value,error,Placeholder value 'sample_to_be_verified' in column 'source'
award_candidates,27,source,sample_to_be_verified,placeholder_value,error,Placeholder value 'sample_to_be_verified' in column 'source'
award_candidates,28,source,sample_to_be_verified,placeholder_value,error,Placeholder value 'sample_to_be_verified' in column 'source'
award_candidates,29,source,sample_to_be_verified,placeholder_value,error,Placeholder value 'sample_to_be_verified' in column 'source'
award_candidates,30,source,sample_to_be_verified,placeholder_value,error,Placeholder value 'sample_to_be_verified' in column 'source'
award_candidates,31,source,sample_to_be_verified,placeholder_value,error,Placeholder value 'sample_to_be_verified' in column 'source'
award_candidates,32,source,sample_to_be_verified,placeholder_value,error,Placeholder value 'sample_to_be_verified' in column 'source'
award_candidates,33,source,sample_to_be_verified,placeholder_value,error,Placeholder value 'sample_to_be_verified' in column 'source'
award_candidates,34,source,sample_to_be_verified,placeholder_value,error,Placeholder value 'sample_to_be_verified' in column 'source'
award_candidates,35,source,sample_to_be_verified,placeholder_value,error,Placeholder value 'sample_to_be_verified' in column 'source'
award_candidates,36,source,sample_to_be_verified,placeholder_value,error,Placeholder value 'sample_to_be_verified' in column 'source'
award_candidates,37,source,sample_to_be_verified,placeholder_value,error,Placeholder value 'sample_to_be_verified' in column 'source'
award_candidates,38,source,sample_to_be_verified,placeholder_value,error,Placeholder value 'sample_to_be_verified' in column 'source'
award_candidates,39,source,sample_to_be_verified,placeholder_value,error,Placeholder value 'sample_to_be_verified' in column 'source'
award_candidates,40,source,sample_to_be_verified,placeholder_value,error,Placeholder value 'sample_to_be_verified' in column 'source'
award_candidates,41,source,sample_to_be_verified,placeholder_value,error,Placeholder value 'sample_to_be_verified' in column 'source'
award_candidates,42,source,sample_to_be_verified,placeholder_value,error,Placeholder value 'sample_to_be_verified' in column 'source'
award_candidates,43,source,sample_to_be_verified,placeholder_value,error,Placeholder value 'sample_to_be_verified' in column 'source'
award_candidates,44,source,sample_to_be_verified,placeholder_value,error,Placeholder value 'sample_to_be_verified' in column 'source'
award_candidates,45,source,sample_to_be_verified,placeholder_value,error,Placeholder value 'sample_to_be_verified' in column 'source'
award_candidates,46,source,sample_to_be_verified,placeholder_value,error,Placeholder value 'sample_to_be_verified' in column 'source'
award_candidates,47,source,sample_to_be_verified,placeholder_value,error,Placeholder value 'sample_to_be_verified' in column 'source'
award_candidates,48,source,sample_to_be_verified,placeholder_value,error,Placeholder value 'sample_to_be_verified' in column 'source'
award_candidates,49,source,sample_to_be_verified,placeholder_value,error,Placeholder value 'sample_to_be_verified' in column 'source'
award_candidates,50,source,sample_to_be_verified,placeholder_value,error,Placeholder value 'sample_to_be_verified' in column 'source'
award_candidates,51,source,sample_to_be_verified,placeholder_value,error,Placeholder value 'sample_to_be_verified' in column 'source'
award_candidates,52,source,sample_to_be_verified,placeholder_value,error,Placeholder value 'sample_to_be_verified' in column 'source'
award_candidates,53,source,sample_to_be_verified,placeholder_value,error,Placeholder value 'sample_to_be_verified' in column 'source'
award_candidates,54,source,sample_to_be_verified,placeholder_value,error,Placeholder value 'sample_to_be_verified' in column 'source'
award_candidates,55,source,sample_to_be_verified,placeholder_value,error,Placeholder value 'sample_to_be_verified' in column 'source'
award_candidates,56,source,sample_to_be_verified,placeholder_value,error,Placeholder value 'sample_to_be_verified' in column 'source'
award_candidates,57,source,sample_to_be_verified,placeholder_value,error,Placeholder value 'sample_to_be_verified' in column 'source'
award_candidates,58,source,sample_to_be_verified,placeholder_value,error,Placeholder value 'sample_to_be_verified' in column 'source'
award_candidates,59,source,sample_to_be_verified,placeholder_value,error,Placeholder value 'sample_to_be_verified' in column 'source'
award_candidates,60,source,sample_to_be_verified,placeholder_value,error,Placeholder value 'sample_to_be_verified' in column 'source'
award_candidates,61,source,sample_to_be_verified,placeholder_value,error,Placeholder value 'sample_to_be_verified' in column 'source'
award_candidates,62,source,sample_to_be_verified,placeholder_value,error,Placeholder value 'sample_to_be_verified' in column 'source'
award_candidates,63,source,sample_to_be_verified,placeholder_value,error,Placeholder value 'sample_to_be_verified' in column 'source'
award_candidates,64,source,sample_to_be_verified,placeholder_value,error,Placeholder value 'sample_to_be_verified' in column 'source'
